vim_id,cspCount,name_of_description,fsa_number,time_stamp
1FMZU74E02UB80534,,,,2023-03-06 23:51:09.258813
1FMPU16L13LA35039,,,,2023-03-06 23:51:09.252677
3FMTK4SE8MME00569,,,,2023-03-06 23:51:09.301764
1ZVFT80N755166258,,,,2023-03-06 23:51:09.362146
1FADP3L97EL395766,,,,2023-03-06 23:51:09.388991
1FMYU01191KB81891,,,,2023-03-06 23:51:09.627222
1FATP8FF9L5161270,2,REAR TOE LINK REPLACEMENT,21R01,2023-03-06 23:51:09.651361
1FTMF1CB1JKF05070,2,REAR TOE LINK REPLACEMENT,21R01,2023-03-06 23:51:09.649741
1ZVHT82H295101534,1,TRANSMISSION CONTROL MODULE EXTENDED WARRANTY COVERAGE,14M02,2023-03-06 23:51:09.659483
1FTMF1CB1JKF05070,2,FRONT DOOR TRIM PANEL REPAIR,17N04,2023-03-06 23:51:09.666082
1FATP8FF9L5161270,2,FRONT DOOR TRIM PANEL REPAIR,17N04,2023-03-06 23:51:09.656310
1FM5K8GT8FGC40469,1,TRANSMISSION CONTROL MODULE EXTENDED WARRANTY COVERAGE,14M02,2023-03-06 23:51:09.672721
1FM5K8GT2KGB27773,1,TRANSMISSION CONTROL MODULE EXTENDED WARRANTY COVERAGE,14M02,2023-03-06 23:51:09.662765
1FADP3F26DL208773,1,TRANSMISSION CONTROL MODULE EXTENDED WARRANTY COVERAGE,14M02,2023-03-06 23:51:09.679808
1FTPW14V89FA61292,2,POWER DOOR LOCK ACTUATOR FAILURE,20M04,2023-03-06 23:51:11.102501
1FTFW1E53JKC57565,2,POWER DOOR LOCK ACTUATOR FAILURE,20M04,2023-03-06 23:51:11.106265
1FTPW14V88FB24423,2,POWER DOOR LOCK ACTUATOR FAILURE,20M04,2023-03-06 23:51:11.097163
1FTPW14V89FA61292,2,DOOR LATCH FREEZING CONCERNS,18N03,2023-03-06 23:51:11.104849
1FTFW1E53JKC57565,2,DOOR LATCH FREEZING CONCERNS,18N03,2023-03-06 23:51:11.110066
1FMZU73K94ZA16003,,,,2023-03-06 23:51:11.091341
1FTPW14V88FB24423,2,DOOR LATCH FREEZING CONCERNS,18N03,2023-03-06 23:51:11.115836
1ZVBP8AM3C5270106,1,MOLDED LEADFRAME EXTENDED COVERAGE,16N02,2023-03-06 23:51:11.125603
1fabp44a3hf230189,,,,2023-03-06 23:51:11.377694
1FMDU34X7PUB64679,,,,2023-03-06 23:51:11.380882
1FMJU1HT3FEF49860,,,,2023-03-06 23:51:11.379637
1FA6P8CF8J5179869,,,,2023-03-06 23:51:11.389899
1FAHP3GNXBW101327,,,,2023-03-06 23:51:11.386800
1FMDU34X2TZB79300,,,,2023-03-06 23:51:11.416555
1FMZU65WX4UB78441,,,,2023-03-06 23:51:11.411931
1FAFP40433F329671,,,,2023-03-06 23:51:12.898595
1ftpx12524nb72614,,,,2023-03-06 23:51:12.926040
1FMCU9GD7HUC54920,,,,2023-03-06 23:51:12.923793
1FMZU63K55UB72516,,,,2023-03-06 23:51:12.929034
1FTRX18L5YNB91047,,,,2023-03-06 23:51:12.936047
1FTFX1EF9FKD72880,2,REAR WHEEL KNUCKLE REPLACEMENT,22N01,2023-03-06 23:51:13.240774
1FTEW1EF4FFB49234,2,REAR WHEEL KNUCKLE REPLACEMENT,22N01,2023-03-06 23:51:13.243156
1FTRX17W0XNB00342,2,REAR WHEEL KNUCKLE REPLACEMENT,22N01,2023-03-06 23:51:13.239927
1FTFX1EF9FKD72880,2,FRONT DOOR TRIM PANEL REPAIR,17N04,2023-03-06 23:51:13.242315
1FTRX17W0XNB00342,2,FRONT DOOR TRIM PANEL REPAIR,17N04,2023-03-06 23:51:13.249597
1FMFU17537LA53639,2,REAR WHEEL KNUCKLE REPLACEMENT,22N01,2023-03-06 23:51:13.244330
1FM5K8B82FGC28708,1,EASY FUEL CAPLESS FUEL FILL PIPE EXTENDED WARRANTY,13N01,2023-03-06 23:51:13.247001
1FTEW1EF4FFB49234,2,FRONT DOOR TRIM PANEL REPAIR,17N04,2023-03-06 23:51:13.250109
1FMFU17537LA53639,2,FRONT DOOR TRIM PANEL REPAIR,17N04,2023-03-06 23:51:13.251876
1FMEU73E58UA81281,,,,2023-03-06 23:51:13.256403
1FMYU22XXWUD03183,,,,2023-03-06 23:51:13.254879
1FTRF12265KC15338,,,,2023-03-06 23:51:14.434770
1FM5K7D81DGA36328,1,REAR TOE LINK INSPECTION REPLACEMENT,21R02,2023-03-06 23:51:14.445091
1FTPX12536FA57582,,,,2023-03-06 23:51:14.460745
1FTEW1EF6HKC42315,,,,2023-03-06 23:51:14.459370
1FTYR14X9XTA40818,,,,2023-03-06 23:51:14.490734
1FTPX14535FB30378,,,,2023-03-06 23:51:14.750773
1FTFW1EF5BFA32177,,,,2023-03-06 23:51:14.751705
1FAHP35N38W294612,,,,2023-03-06 23:51:14.758660
1FALP45T9RF147758,,,,2023-03-06 23:51:14.756919
1FTEW1EB8KFB71874,,,,2023-03-06 23:51:14.763414
1FTZR15E51PB76901,,,,2023-03-06 23:51:14.764222
1FTYR10D13PA53545,,,,2023-03-06 23:51:14.840219
3FAFP31393R121622,,,,2023-03-06 23:51:16.183773
1FTYR10D36PA44768,,,,2023-03-06 23:51:16.184941
1FTEW1E45LFA79849,,,,2023-03-06 23:51:16.192294
1FTRW07W31KB86185,,,,2023-03-06 23:51:16.193614
1FTDF15E4BPA62781,,,,2023-03-06 23:51:16.213808
1FTYR44U16PA04863,,,,2023-03-06 23:51:16.476638
1ZVFT80N555214985,,,,2023-03-06 23:51:16.480510
1FTFW1ET6EFC71960,,,,2023-03-06 23:51:16.495387
1FTBR10C9GUB13656,,,,2023-03-06 23:51:16.495820
1FM5K8D88JGA91408,1,HIGH SPEED COOLING FAN MOTOR RELAY,21N01,2023-03-06 23:51:16.501310
1FMEU6DE1AUA24168,,,,2023-03-06 23:51:16.508229
1FTYR10C2XUB22631,,,,2023-03-06 23:51:16.514998
1FMCU03128KA92620,,,,2023-03-06 23:51:17.817542
1FTRW07692KD69107,,,,2023-03-06 23:51:17.812047
1FAHP3H21CL209942,,,,2023-03-06 23:51:17.835425
1FTPW12V79FA91578,,,,2023-03-06 23:51:17.837710
1FMZU32E1XZA83428,,,,2023-03-06 23:51:18.007166
1FTEW1CBXJKE60778,1,DOOR LATCH FREEZING CONCERNS,19N06,2023-03-06 23:51:18.128846
1fmeu73e79ua19625,2,TRANSMISSION CLUTCH SHUDDER -TRANSMISSION CLUTCH WARRANTY EXTENSION,19N08,2023-03-06 23:51:18.146064
1fmeu73e79ua19625,2,TRANSMISSION CONTROL MODULE EXTENDED WARRANTY COVERAGE,14M02,2023-03-06 23:51:18.149544
1FTFW1EF6EFC91488,,,,2023-03-06 23:51:18.155701
1FTCR10U6VUA10964,,,,2023-03-06 23:51:18.162989
1FADP3K24FL363718,,,,2023-03-06 23:51:18.167563
1FTEX1EM6EFC29662,1,TRANSMISSION CONTROL MODULE EXTENDED WARRANTY COVERAGE,14M02,2023-03-06 23:51:18.169963
1FADP3K23EL335620,1,TRANSMISSION CONTROL MODULE EXTENDED WARRANTY COVERAGE,14M02,2023-03-06 23:51:18.171212
1FACP42E2LF178329,2,TRANSMISSION CONTROL MODULE REPROGRAMMING FOR OVERT TCM FAILURE WARNING,15B22,2023-03-06 23:51:19.456208
1FAHP3N2XCL267875,2,TRANSMISSION CONTROL MODULE REPROGRAMMING FOR OVERT TCM FAILURE WARNING,15B22,2023-03-06 23:51:19.458222
1FAHP3N2XCL267875,2,TRANSMISSION CONTROL MODULE EXTENDED WARRANTY COVERAGE,14M02,2023-03-06 23:51:19.463144
1FACP42E2LF178329,2,TRANSMISSION CONTROL MODULE EXTENDED WARRANTY COVERAGE,14M02,2023-03-06 23:51:19.464743
1ftrx12wx5nb54378,,,,2023-03-06 23:51:19.484071
1ZVBP8CF1C5228032,,,,2023-03-06 23:51:19.482105
1FMCU9GD5JUC99800,2,POWER DOOR LOCK ACTUATOR FAILURE,20M04,2023-03-06 23:51:19.780066
1fmhk8d81bga92270,1,ONE TIME REPAIR FOR VEHICLES INCLUDED IN 19B37,21N12,2023-03-06 23:51:19.777473
1FMCU9GD5JUC99800,2,DOOR LATCH FREEZING CONCERNS,19N06,2023-03-06 23:51:19.784093
1FMCU9J92EUC68045,2,POWER DOOR LOCK ACTUATOR FAILURE,20M04,2023-03-06 23:51:19.781896
1FTEW1EPXJKE34562,2,POWER DOOR LOCK ACTUATOR FAILURE,20M04,2023-03-06 23:51:19.785166
1FMCU9J92EUC68045,2,DOOR LATCH FREEZING CONCERNS,19N06,2023-03-06 23:51:19.787705
1FTEW1EPXJKE34562,2,DOOR LATCH FREEZING CONCERNS,19N06,2023-03-06 23:51:19.792382
1ZVHT82H685155756,,,,2023-03-06 23:51:19.822334
1fa6p8thxg5221484,,,,2023-03-06 23:51:19.823344
1FMPU18L83LA04397,,,,2023-03-06 23:51:19.827340
1FTRX17232NA10236,2,REAR WHEEL KNUCKLE REPLACEMENT,22N01,2023-03-06 23:51:19.899909
1FTRX17232NA10236,2,EPAS STEERING EFFORTS,15N01,2023-03-06 23:51:19.902090
1FTZR45E07PA11042,2,FRONT DOOR TRIM PANEL REPAIR,17N04,2023-03-06 23:51:21.254152
1FTZR45E07PA11042,2,REAR TOE LINK REPLACEMENT,21R01,2023-03-06 23:51:21.257869
1FM5K7F82FGA89653,2,FRONT DOOR TRIM PANEL REPAIR,17N04,2023-03-06 23:51:21.260325
1ZVBP8AN7A5181323,,,,2023-03-06 23:51:21.268711
1FM5K7F82FGA89653,2,REAR TOE LINK REPLACEMENT,21R01,2023-03-06 23:51:21.269940
1ftpw14575fa91152,,,,2023-03-06 23:51:21.354929
1ftex1cm9efb01046,,,,2023-03-06 23:51:21.618541
1fadp3k22Gl231462,1,DOOR LATCH,21N10,2023-03-06 23:51:21.616025
1fmzu84p01ub25149,,,,2023-03-06 23:51:21.630464
1FTEW1E55LFC22226,,,,2023-03-06 23:51:21.628445
1fmhk8d82cga89234,,,,2023-03-06 23:51:21.642619
1FATP8UHXK5179294,,,,2023-03-06 23:51:21.639036
1ftpw12535fa13518,,,,2023-03-06 23:51:21.652336
1FM5K8D85HGC54994,2,REAR WHEEL KNUCKLE REPLACEMENT,22N01,2023-03-06 23:51:21.679306
1FM5K8D85HGC54994,2,HIGH SPEED COOLING FAN MOTOR RELAY,21N01,2023-03-06 23:51:21.681511
1FTKR1AD4BPA53381,,,,2023-03-06 23:51:22.937732
1FM5K8F81JGA96396,,,,2023-03-06 23:51:22.947211
1ZVFT80N175358276,,,,2023-03-06 23:51:22.949522
1FA6P8CF9H5246408,,,,2023-03-06 23:51:22.958903
1FMCU9GX5GUB10274,,,,2023-03-06 23:51:23.202066
1FA6P8CF8K5102274,,,,2023-03-06 23:51:23.221899
1ftyr10u43pa88354,,,,2023-03-06 23:51:23.224531
1FMYU03181KC21309,2,EXTENDED WARRANTY COVERAGE FOR PCM REPROGRAMING IN THE EVENT OF ABS VEHICLE SPEED SIGNAL RELATED COMMUNICATION LOSS THAT DISABLES OBDII SYSTEM MONITORS,14N02,2023-03-06 23:51:23.238866
1FTRF12W95NB32276,2,EXTENDED WARRANTY COVERAGE FOR PCM REPROGRAMING IN THE EVENT OF ABS VEHICLE SPEED SIGNAL RELATED COMMUNICATION LOSS THAT DISABLES OBDII SYSTEM MONITORS,14N02,2023-03-06 23:51:23.244378
1FMYU03181KC21309,2,ELECTRONIC THROTTLE BODY EXTENDED COVERAGE,13N03,2023-03-06 23:51:23.247049
1FMCU0F75DUB54901,2,EXTENDED WARRANTY COVERAGE FOR PCM REPROGRAMING IN THE EVENT OF ABS VEHICLE SPEED SIGNAL RELATED COMMUNICATION LOSS THAT DISABLES OBDII SYSTEM MONITORS,14N02,2023-03-06 23:51:23.249961
1FTRF12W95NB32276,2,ELECTRONIC THROTTLE BODY EXTENDED COVERAGE,13N03,2023-03-06 23:51:23.249002
1FMCU0F75DUB54901,2,ELECTRONIC THROTTLE BODY EXTENDED COVERAGE,13N03,2023-03-06 23:51:23.252815
1FTEW1E51JFA26555,2,POWER DOOR LOCK ACTUATOR FAILURE,20M04,2023-03-06 23:51:23.398369
1ftrx17l3yka18260,2,POWER DOOR LOCK ACTUATOR FAILURE,20M04,2023-03-06 23:51:23.401871
1FTEW1E51JFA26555,2,DOOR LATCH FREEZING CONCERNS,18N03,2023-03-06 23:51:23.405483
1ftrx17l3yka18260,2,DOOR LATCH FREEZING CONCERNS,18N03,2023-03-06 23:51:23.406883
1FA6P8CF7F5418187,,,,2023-03-06 23:51:24.475313
1FAFP31N07W172785,,,,2023-03-06 23:51:24.482192
1FMRU1865XLB92112,,,,2023-03-06 23:51:24.489902
1FTYR15E33TA42748,,,,2023-03-06 23:51:24.496249
1FTPX12525NA45508,1,POWER DOOR LOCK ACTUATOR FAILURE,20M04,2023-03-06 23:51:24.777009
1FTEX1EB4JKF85463,1,POWER DOOR LOCK ACTUATOR FAILURE,20M04,2023-03-06 23:51:24.786732
1FTPX12V17FB88656,2,TRANSMISSION MOLDED LEADFRAME EXTENDED COVERAGE,19N01,2023-03-06 23:51:24.801309
1FTPX12V17FB88656,2,ELECTRIC VACUUM PUMP EXTENDED REPAIR,15N05,2023-03-06 23:51:24.802979
1FTFW1CT1BFB95949,2,TRANSMISSION MOLDED LEADFRAME EXTENDED COVERAGE,19N01,2023-03-06 23:51:24.804611
1FTFW1CT1BFB95949,2,ELECTRIC VACUUM PUMP EXTENDED REPAIR,15N05,2023-03-06 23:51:24.807099
1FTRW12W57FA06932,,,,2023-03-06 23:51:24.837987
1FAFP45X63F387843,,,,2023-03-06 23:51:24.843592
1FTFW1ET4EKD31113,,,,2023-03-06 23:51:25.095724
1FTCR14X6PPA93754,,,,2023-03-06 23:51:25.105127
1FAFP34N55W275421,,,,2023-03-06 23:51:26.117608
1FMCU9EG9AKC96407,1,ELECTRONIC THROTTLE BODY EXTENDED COVERAGE,13N03,2023-03-06 23:51:26.106946
1FTFW1ET2CFB39355,,,,2023-03-06 23:51:26.121468
1FA6P8CF0F5304693,,,,2023-03-06 23:51:26.136879
1FTFW1EF4BKD01020,1,TRANSMISSION MOLDED LEADFRAME EXTENDED COVERAGE,19N01,2023-03-06 23:51:26.442814
1FTRW08L43KA85910,,,,2023-03-06 23:51:26.455999
1FMCU9J97DUB21119,,,,2023-03-06 23:51:26.462623
1FAFP31N47W211796,,,,2023-03-06 23:51:26.464485
1FTEF15Y8TLA94480,,,,2023-03-06 23:51:26.543033
1FTEw1c88HFB68487,3,CALIFORNIA EMISSION WARRANTY PARTS COVERAGE,18M02,2023-03-06 23:51:26.552899
1FTEw1c88HFB68487,3,POWER DOOR LOCK ACTUATOR FAILURE,20M04,2023-03-06 23:51:26.555027
1FTEw1c88HFB68487,3,DOOR LATCH FREEZING CONCERNS,18N03,2023-03-06 23:51:26.557068
1FMPU18515LA74571,,,,2023-03-06 23:51:26.823055
1FTCR10A7VTA42267,,,,2023-03-06 23:51:26.834653
1FMDU32X1TZA95133,,,,2023-03-06 23:51:27.850286
1fa6p8cf4f5403744,,,,2023-03-06 23:51:27.847441
1FMPU16L33LB66876,,,,2023-03-06 23:51:27.863612
1FA6p8CF1H5301787,,,,2023-03-06 23:51:27.872086
1FMCU0C72CKC75285,1,ELECTRONIC THROTTLE BODY EXTENDED COVERAGE,13N03,2023-03-06 23:51:28.271498
1FTPX04575KD54853,1,ELECTRONIC THROTTLE BODY EXTENDED COVERAGE,13N03,2023-03-06 23:51:28.281051
1FMCU0F70HUE18435,1,ELECTRONIC THROTTLE BODY EXTENDED COVERAGE,13N03,2023-03-06 23:51:28.276334
1FTPX14517FB84006,1,ELECTRONIC THROTTLE BODY EXTENDED COVERAGE,13N03,2023-03-06 23:51:28.282966
1fm5k8gt4ggb05734,1,ELECTRONIC THROTTLE BODY EXTENDED COVERAGE,13N03,2023-03-06 23:51:28.285972
1FMCU0JX3GUB58098,,,,2023-03-06 23:51:28.404619
1FMCU0GD7HUC42200,2,ONE TIME REPAIR FOR VEHICLES INCLUDED IN 19B37,21N12,2023-03-06 23:51:28.466458
1FMCU0GD7HUC42200,2,CALIFORNIA EMISSION WARRANTY PARTS COVERAGE,18M02,2023-03-06 23:51:28.468806
1FTYF1767WNC08843,,,,2023-03-06 23:51:28.480561
1FTRW08LX1KA23764,1,REAR AXLE BOLT REPLACEMENT,22N06,2023-03-06 23:51:29.602083
1FMPU16L31LA53765,1,REAR AXLE BOLT REPLACEMENT,22N06,2023-03-06 23:51:29.599686
1FMSK7FH0LGC97142,1,REAR AXLE BOLT REPLACEMENT,22N06,2023-03-06 23:51:29.612772
1ftrw12w74kb13922,,,,2023-03-06 23:51:29.810212
1FADP3F23EL175989,2,TRANSMISSION CONTROL MODULE EXTENDED WARRANTY COVERAGE,14M02,2023-03-06 23:51:29.823906
1FADP3F23EL175989,2,TRANSMISSION CLUTCH SHUDDER -TRANSMISSION CLUTCH WARRANTY EXTENSION,19N08,2023-03-06 23:51:29.827051
1FA6P8TH5L5153959,,,,2023-03-06 23:51:29.841649
1FABP42E1KF310345,,,,2023-03-06 23:51:29.840896
1FTCR15X0TPB55772,,,,2023-03-06 23:51:29.848408
1FTKR1AD9BPB01781,,,,2023-03-06 23:51:29.846615
1FTPX14554NB09049,,,,2023-03-06 23:51:30.208080
1FTFW1ET3DKD03107,1,TRANSMISSION MOLDED LEADFRAME EXTENDED COVERAGE,19N01,2023-03-06 23:51:30.220579
1FTEX1EP4MKE09240,,,,2023-03-06 23:51:30.233472
1FMYU03143KA50142,,,,2023-03-06 23:51:31.245698
1FMJU1KT0JEA05060,,,,2023-03-06 23:51:31.260989
1FAFP40491F186593,,,,2023-03-06 23:51:31.262461
1FAFP42X52F116663,,,,2023-03-06 23:51:31.554475
2FTPX18LXYCA61441,,,,2023-03-06 23:51:31.561014
1FTEW1E56JFB62339,,,,2023-03-06 23:51:31.571969
1FTEW1E40LFB38953,,,,2023-03-06 23:51:31.573264
1FTFW1CV2AFB33685,,,,2023-03-06 23:51:31.575232
1FMZU63K15UB41683,,,,2023-03-06 23:51:31.576820
1fmdu34x2pub85276,,,,2023-03-06 23:51:31.828629
1FADP3F26DL276927,1,TRANSMISSION CONTROL MODULE EXTENDED WARRANTY COVERAGE,14M02,2023-03-06 23:51:31.836157
1FTFW1EF9BKD25118,1,TRANSMISSION MOLDED LEADFRAME EXTENDED COVERAGE,19N01,2023-03-06 23:51:31.846661
1FTRX17L11NA12767,,,,2023-03-06 23:51:32.759468
1FMCU9DG7CKA33613,1,ELECTRONIC THROTTLE BODY EXTENDED COVERAGE,13N03,2023-03-06 23:51:32.824212
1FMYU60X7YUA85247,,,,2023-03-06 23:51:32.848908
1fafp40411f218243,,,,2023-03-06 23:51:33.110453
1FTYR44U74PA13001,,,,2023-03-06 23:51:33.127237
1FTYR10U04PA18044,,,,2023-03-06 23:51:33.126
1FTEW1CP6GKF19698,,,,2023-03-06 23:51:33.146705
1ftrf12298kc46698,,,,2023-03-06 23:51:33.145831
1FTYR14U2WPA16261,,,,2023-03-06 23:51:33.156731
1FTPX14V78FA67970,,,,2023-03-06 23:51:33.448453
1FTDX18W0VNC21586,,,,2023-03-06 23:51:33.455694
1FTPW12V68FB66737,,,,2023-03-06 23:51:33.465803
1FM5K8GT9GGD01880,,,,2023-03-06 23:51:34.514510
1FTMF1CM2EKF94140,,,,2023-03-06 23:51:34.511578
1FMPU16L74LA72467,,,,2023-03-06 23:51:34.523063
1FAFP42XX2F148153,,,,2023-03-06 23:51:34.817406
1FTRX17W73NB28164,,,,2023-03-06 23:51:34.830387
1FTCR15X0TPA31453,2,REAR TOE LINK REPLACEMENT,21R01,2023-03-06 23:51:34.840626
1FTCR15X0TPA31453,2,FRONT DOOR TRIM PANEL REPAIR,17N04,2023-03-06 23:51:34.843176
1FM5K8D82EGA65666,2,REAR TOE LINK REPLACEMENT,21R01,2023-03-06 23:51:34.844435
1FM5K8D82EGA65666,2,FRONT DOOR TRIM PANEL REPAIR,17N04,2023-03-06 23:51:34.848443
1FAFP38Z05W293919,,,,2023-03-06 23:51:34.853643
1FALP45T5RF150026,,,,2023-03-06 23:51:34.883772
1FMCU0HX6DUC76339,1,DOOR LATCH,21N10,2023-03-06 23:51:35.121022
1FATP8UH6L5111978,1,DOOR LATCH,21N10,2023-03-06 23:51:35.126866
1fafp40442f106389,,,,2023-03-06 23:51:35.166389
1FAFP4044YF294226,,,,2023-03-06 23:51:36.029684
1FAFP44634F197346,,,,2023-03-06 23:51:36.068871
1FTPX14597FB47849,,,,2023-03-06 23:51:36.075307
1FAHP3K20CL375345,1,TRANSMISSION CONTROL MODULE EXTENDED WARRANTY COVERAGE,14M02,2023-03-06 23:51:36.381446
1FALP4046VF124786,1,TRANSMISSION CONTROL MODULE EXTENDED WARRANTY COVERAGE,14M02,2023-03-06 23:51:36.378868
1fa6p8cf2f5369612,,,,2023-03-06 23:51:36.415897
1FTEW1EP6HFB64927,,,,2023-03-06 23:51:36.427058
1Zvht80n685184652,,,,2023-03-06 23:51:36.425986
1ZVBP8AN8A5156723,,,,2023-03-06 23:51:36.432744
1FTPW14535KC58680,,,,2023-03-06 23:51:36.685225
1FTFW1E53JKC55315,2,POWER DOOR LOCK ACTUATOR FAILURE,20M04,2023-03-06 23:51:36.694562
1FTFW1E53JKC55315,2,DOOR LATCH REPAIR ENHANCEMENTS FOR VEHICLES IN 18N03 WITH COMPLETED REPAIRS,19N02,2023-03-06 23:51:36.696548
1FTYR14U52PA39740,,,,2023-03-06 23:51:36.734460
1FM5K8AR4JGB67929,2,HIGH SPEED COOLING FAN MOTOR RELAY,21N01,2023-03-06 23:51:37.583814
1FM5K8AR4JGB67929,2,CATALYTIC CONVERTER EXTENDED COVERAGE,19M01,2023-03-06 23:51:37.584582
1FTFW1EF4DKE01783,1,TRANSMISSION MOLDED LEADFRAME EXTENDED COVERAGE,19N01,2023-03-06 23:51:37.612739
1FMCU0F70HUC14721,,,,2023-03-06 23:51:37.628368
1FAFP42X64F113421,1,CLEAR PERMANENT DTC P0315,17N01,2023-03-06 23:51:37.977008
1FAHP3M27CL332487,1,CLEAR PERMANENT DTC P0315,17N01,2023-03-06 23:51:37.978526
1ZVBP8AM4D5262727,1,CLEAR PERMANENT DTC P0315,17N01,2023-03-06 23:51:37.984844
1FAHP363X3W289557,,,,2023-03-06 23:51:37.995311
1FMCU9GX4FUB64891,,,,2023-03-06 23:51:38.228835
1FTYR10D28PA97111,,,,2023-03-06 23:51:38.308500
1FTRF12217NA20104,,,,2023-03-06 23:51:38.400432
1FMHK7F88CGA47030,2,REAR TOE LINK INSPECTION REPLACEMENT,21R02,2023-03-06 23:51:38.413504
1FMHK7F88CGA47030,2,EPAS STEERING EFFORTS,15N01,2023-03-06 23:51:38.416423
1FAFP42X01F173724,,,,2023-03-06 23:51:39.723362
1FAHP3FN8AW170257,,,,2023-03-06 23:51:39.723835
1FALP45D9RF158803,,,,2023-03-06 23:51:40.060538
1FTFW1E54JKE18960,1,POWER DOOR LOCK ACTUATOR FAILURE,20M04,2023-03-06 23:51:40.069442
1FTFW1ET1DKF62579,1,TRANSMISSION MOLDED LEADFRAME EXTENDED COVERAGE,19N01,2023-03-06 23:51:40.487525
1fmju1j55def09305,1,TRANSMISSION MOLDED LEADFRAME EXTENDED COVERAGE,19N01,2023-03-06 23:51:40.543376
1FMJU2AT9MEA29224,,,,2023-03-06 23:51:40.681046
1ftew1c87ake14555,,,,2023-03-06 23:51:40.911722
1FTEW1E50JKC86520,2,DOOR LATCH FREEZING CONCERNS,18N03,2023-03-06 23:51:41.245144
1FTEW1E50JKC86520,2,POWER DOOR LOCK ACTUATOR FAILURE,20M04,2023-03-06 23:51:41.247335
1FTEW1EP2GKF86134,2,DOOR LATCH FREEZING CONCERNS,18N03,2023-03-06 23:51:42.194745
1FTEW1EP2GKF86134,2,POWER DOOR LOCK ACTUATOR FAILURE,20M04,2023-03-06 23:51:42.195538
1fmzu67e93Uc50085,,,,2023-03-06 23:51:42.522031
1FAFP40451F132319,,,,2023-03-06 23:51:43.149443
1FTEW1EG2JFB64381,2,POWER DOOR LOCK ACTUATOR FAILURE,20M04,2023-03-06 23:51:43.509952
1FTEW1EG2JFB64381,2,DOOR LATCH FREEZING CONCERNS,18N03,2023-03-06 23:51:43.512462
1zvft80n665230436,,,,2023-03-06 23:51:43.551594
1FA6P8CF7K5134195,,,,2023-03-06 23:51:44.126341
1FMEU73E07UA97791,,,,2023-03-06 23:51:44.668083
1FMDU74W94UC05078,,,,2023-03-06 23:51:45.047118
1FMYU60EX3UB64953,,,,2023-03-06 23:51:46.147544
1FTRF122X6NB22872,,,,2023-03-06 23:51:46.364828
1FMYU03115KA36430,,,,2023-03-06 23:51:47.098656
1FAFP4446XF169723,,,,2023-03-06 23:51:47.103164
2FTRX17W7XCB17855,,,,2023-03-06 23:51:47.817322
1FTRX12W35NB79140,,,,2023-03-06 23:51:47.821767
1FTFW1EF8BFB31611,1,TRANSMISSION MOLDED LEADFRAME EXTENDED COVERAGE,19N01,2023-03-06 23:51:48.463964
1FADP3F26GL401655,,,,2023-03-06 23:51:48.557892
1FMCU0G7XFUA65147,,,,2023-03-06 23:51:48.869033
1FAfP45X9Wf192081,,,,2023-03-06 23:51:48.954422
1FTPW14524KB82626,,,,2023-03-06 23:51:49.084661
1FMDU34X2SUB65411,,,,2023-03-06 23:51:49.152621
1FAHP32N98W275146,,,,2023-03-06 23:51:50.533149
1FTRF12256NA15034,,,,2023-03-06 23:51:50.606638
1ftzr15u2wpb41392,,,,2023-03-06 23:51:50.882081
1FMJK1JT0GEF50515,,,,2023-03-06 23:51:51.501907
1FTPX14577FA66784,,,,2023-03-06 23:51:52.136165
1FMZU62E02UB77839,,,,2023-03-06 23:51:52.418620
1FAHP3FN6BW197121,,,,2023-03-06 23:51:52.428405
1fmeu62e06za18861,,,,2023-03-06 23:51:52.533876
1FMEU33K67UB56325,,,,2023-03-06 23:51:52.800620
1FMCU49309KB96489,,,,2023-03-06 23:51:52.931262
1fm5k8d82egb47896,2,REAR WHEEL KNUCKLE REPLACEMENT,22N01,2023-03-06 23:51:55.388412
1fm5k8d82egb47896,2,FRONT DOOR TRIM PANEL REPAIR,17N04,2023-03-06 23:51:55.389662
1FTPX14V37FA39257,,,,2023-03-06 23:51:56.201619
1FTRX12W88FB84655,,,,2023-03-06 23:51:56.593066
1FMCU03198KC93379,,,,2023-03-06 23:51:57.240301
1FMHK7B82CGA64623,1,REAR TOE LINK INSPECTION REPLACEMENT,21R02,2023-03-06 23:51:57.435350
1ZVBP8EM4E5240335,,,,2023-03-06 23:51:57.743740
1fmyu931x5ka53540,,,,2023-03-06 23:51:57.920782
1FADP3F23DL308751,1,TRANSMISSION CONTROL MODULE EXTENDED WARRANTY COVERAGE,14M02,2023-03-06 23:51:58.248330
1FTRX17L21KF82858,,,,2023-03-06 23:51:58.289723
1FTRF12W57NA76131,,,,2023-03-06 23:51:58.395019
1FTPW14524KD42956,,,,2023-03-06 23:51:59.249189
1FTCR11T8LUB39792,,,,2023-03-06 23:51:59.421714
1FTPW14V17KB45426,,,,2023-03-06 23:51:59.819545
1FTFW1EF7EKF48083,,,,2023-03-06 23:51:59.942494
1fmcu0D70AKA68793,,,,2023-03-06 23:52:00.296280
1FTPX14V99FA39461,,,,2023-03-06 23:52:00.597178
1FTCR15X6TPA41954,,,,2023-03-06 23:52:00.707911
2FTRX07282CA61165,,,,2023-03-06 23:52:00.793828
1FAHP3GN0AW183986,,,,2023-03-06 23:52:00.819999
1ZVHT82H785105173,,,,2023-03-06 23:52:01.158805
1fter4eh6lla35775,,,,2023-03-06 23:52:02.362438
1ftpw14v69fa18246,,,,2023-03-06 23:52:02.688809
1FTEW1E88FFB01950,1,POWER DOOR LOCK ACTUATOR FAILURE,20M04,2023-03-06 23:52:02.707961
1ZVFT80N055233928,,,,2023-03-06 23:52:03.070585
1FTRW07663KA17331,,,,2023-03-06 23:52:03.271309
1FTPX12565NA41560,,,,2023-03-06 23:52:04.015742
1FTDX18W4VNC44806,,,,2023-03-06 23:52:04.198121
1FTPW12V76FA70838,,,,2023-03-06 23:52:04.706277
1FMCU02Z28KB50099,,,,2023-03-06 23:52:05.177806
1FTPW14547KB38518,,,,2023-03-06 23:52:05.236149
1FMDU34X1RUE57982,,,,2023-03-06 23:52:06.401831
1FTFW1EF8FFC55173,3,POWER DOOR LOCK ACTUATOR FAILURE,20M04,2023-03-06 23:52:06.651181
1FTFW1EF8FFC55173,3,UNINTENDED TAILGATE OPENING,21M06,2023-03-06 23:52:06.653499
1FTFW1EF8FFC55173,3,DOOR LATCH REPAIR ENHANCEMENTS FOR VEHICLES IN 18N03 WITH COMPLETED REPAIRS,19N02,2023-03-06 23:52:06.655680
1FAHP34P0YW198603,,,,2023-03-06 23:52:06.978208
1ZVBP8EM0E5233415,,,,2023-03-06 23:52:07.031096
1FMEU75848UA64589,1,EASY FUEL CAPLESS FUEL FILL PIPE EXTENDED WARRANTY,13N01,2023-03-06 23:52:07.185510
1FMCU9J98JUC99729,,,,2023-03-06 23:52:07.298399
1FADP3K25EL411175,2,TRANSMISSION CLUTCH SHUDDER -TRANSMISSION CLUTCH WARRANTY EXTENSION,19N08,2023-03-06 23:52:07.346642
1FADP3K25EL411175,2,TRANSMISSION CONTROL MODULE EXTENDED WARRANTY COVERAGE,14M02,2023-03-06 23:52:07.348957
1FMCU03148KA91761,,,,2023-03-06 23:52:08.633280
1ZVBP8AM6B5135233,,,,2023-03-06 23:52:08.747607
1FTPW12V68FB89466,,,,2023-03-06 23:52:09.040488
1ZVHT82H275241645,,,,2023-03-06 23:52:09.193129
1FADP3K27FL378519,2,TRANSMISSION CONTROL MODULE EXTENDED WARRANTY COVERAGE,14M02,2023-03-06 23:52:09.368941
1FADP3K27FL378519,2,TRANSMISSION CLUTCH SHUDDER -TRANSMISSION CLUTCH WARRANTY EXTENSION,19N08,2023-03-06 23:52:09.371229
1fm5k7b88ggb44162,1,HIGH SPEED COOLING FAN MOTOR RELAY,21N01,2023-03-06 23:52:09.729911
1FM5K8B81DGC08933,1,DOOR LATCH,19N09,2023-03-06 23:52:09.827990
1ftrx18l4xnb16953,,,,2023-03-06 23:52:09.984389
2FTEF15N5NCA78174,,,,2023-03-06 23:52:12.384706
1FMZU34X3WZA94962,,,,2023-03-06 23:52:12.981773
1FTEX1EV6AFA63985,,,,2023-03-06 23:52:13.210481
1FTEW1EG9KFD04797,,,,2023-03-06 23:52:13.212537
1FTDF14E2CRA27101,,,,2023-03-06 23:52:14.280300
1FM5K8B87GGC62967,1,HIGH SPEED COOLING FAN MOTOR RELAY,21N01,2023-03-06 23:52:14.641715
1FM5K8GT7DGB53059,2,DOOR LATCH,19N09,2023-03-06 23:52:14.727462
1FM5K8GT7DGB53059,2,REAR TOE LINK REPLACEMENT,21R01,2023-03-06 23:52:14.729838
1FTPW14544KB84202,,,,2023-03-06 23:52:15.346039
1FMRU15W14LB86825,,,,2023-03-06 23:52:15.620194
1FTFW1E81MKD73104,1,UNINTENDED TAILGATE OPENING,21M08,2023-03-06 23:52:16.009488
1FALP404XTF211636,,,,2023-03-06 23:52:16.587498
1FTEW1CP6JKD31996,2,POWER DOOR LOCK ACTUATOR FAILURE,20M04,2023-03-06 23:52:16.665977
1FTEW1CP6JKD31996,2,DOOR LATCH FREEZING CONCERNS,18N03,2023-03-06 23:52:16.668121
1FTFW1ET0EFB71207,,,,2023-03-06 23:52:16.930647
1FAFP4449YF268134,,,,2023-03-06 23:52:17.321465
1FMCU03188KC32380,,,,2023-03-06 23:52:17.558146
1FTYR10V9XTA11727,,,,2023-03-06 23:52:17.864967
1FTEX1CM8BFB75540,1,TRANSMISSION MOLDED LEADFRAME EXTENDED COVERAGE,19N01,2023-03-06 23:52:18.272007
1FMCU0GD0HUD65689,1,ONE TIME REPAIR FOR VEHICLES INCLUDED IN 19B37,21N12,2023-03-06 23:52:18.920389
1FMDU34X2VZA42585,,,,2023-03-06 23:52:19.333476
1FMYU04192KB46510,,,,2023-03-06 23:52:19.452016
1ftfw1ct2dke17960,1,TRANSMISSION MOLDED LEADFRAME EXTENDED COVERAGE,19N01,2023-03-06 23:52:19.515749
1FTPX14574NB74517,,,,2023-03-06 23:52:20.475691
1FTEX14NXNKB30652,,,,2023-03-06 23:52:20.734445
1FMCU0DG8AKC89820,,,,2023-03-06 23:52:20.744436
1fafp42x71f129008,,,,2023-03-06 23:52:20.985797
1FALP42X0TF112167,,,,2023-03-06 23:52:21.437268
1FM5K7DH1JGC91833,2,TRANSMISSION EXTENDED WARRANTY COVERAGE,20N07,2023-03-06 23:52:21.467721
1FM5K7DH1JGC91833,2,HIGH SPEED COOLING FAN MOTOR RELAY,21N01,2023-03-06 23:52:21.470045
1fmzu73e62zc37632,,,,2023-03-06 23:52:22.176691
1FTFW1ET0DFB89205,,,,2023-03-06 23:52:22.186906
1fm5k7b85ega90400,2,FRONT DOOR TRIM PANEL REPAIR,17N04,2023-03-06 23:52:22.734403
1fm5k7b85ega90400,2,REAR TOE LINK REPLACEMENT,21R01,2023-03-06 23:52:22.736767
1FMCU9J90DUA51270,1,EXTENDED WARRANTY COVERAGE FOR PCM REPROGRAMING IN THE EVENT OF ABS VEHICLE SPEED SIGNAL RELATED COMMUNICATION LOSS THAT DISABLES OBDII SYSTEM MONITORS,14N02,2023-03-06 23:52:23.455244
1FTEW1EG8HKE54626,5,DOOR LATCH FREEZING CONCERNS,18N03,2023-03-06 23:52:24.161484
1FTEW1EG8HKE54626,5,UNINTENDED TAILGATE OPENING,21M06,2023-03-06 23:52:24.163778
1FTEW1EG8HKE54626,5,POWER DOOR LOCK ACTUATOR FAILURE,20M04,2023-03-06 23:52:24.165952
1FTEW1EG8HKE54626,5,CALIFORNIA EMISSION WARRANTY PARTS COVERAGE,18L02,2023-03-06 23:52:24.167965
1FTEW1EG8HKE54626,5,CALIFORNIA EMISSION WARRANTY PARTS COVERAGE,18M02,2023-03-06 23:52:24.169931
1FAHP3K26CL428338,1,TRANSMISSION CONTROL MODULE EXTENDED WARRANTY COVERAGE,14M02,2023-03-06 23:52:24.276048
1FTFW1EG5JKF06854,2,POWER DOOR LOCK ACTUATOR FAILURE,20M04,2023-03-06 23:52:24.386670
1FTFW1EG5JKF06854,2,DOOR LATCH FREEZING CONCERNS,19N06,2023-03-06 23:52:24.389270
1FAFP42X2XF112870,,,,2023-03-06 23:52:24.820128
1FMPU18L2wla28442,,,,2023-03-06 23:52:25.375534
1FTEF14N2GNA44272,,,,2023-03-06 23:52:25.750753
1FMRU1766WLC42709,,,,2023-03-06 23:52:26.107085
1FAFP34N16W118227,,,,2023-03-06 23:52:26.301689
1FAHP3H2XCL374193,1,TRANSMISSION CONTROL MODULE EXTENDED WARRANTY COVERAGE,14M02,2023-03-06 23:52:27.028556
1FTCR14UXPTA15457,,,,2023-03-06 23:52:27.386125
1FTFW1EF1DFA30493,1,TRANSMISSION MOLDED LEADFRAME EXTENDED COVERAGE,19N01,2023-03-06 23:52:27.799548
1FADP3K27EL165388,2,TRANSMISSION CLUTCH SHUDDER -TRANSMISSION CLUTCH WARRANTY EXTENSION,19N08,2023-03-06 23:52:28.114544
1FADP3K27EL165388,2,TRANSMISSION CONTROL MODULE EXTENDED WARRANTY COVERAGE,14M02,2023-03-06 23:52:28.115286
1FMDU85P51ZA00238,,,,2023-03-06 23:52:28.358523
1FTEW1EG8FFB22675,3,DOOR LATCH FREEZING CONCERNS,18N03,2023-03-06 23:52:29.115358
1FTEW1EG8FFB22675,3,UNINTENDED TAILGATE OPENING,21M06,2023-03-06 23:52:29.116100
1FTEW1EG8FFB22675,3,POWER DOOR LOCK ACTUATOR FAILURE,20M04,2023-03-06 23:52:29.116781
1FTPW14V59FB34084,,,,2023-03-06 23:52:29.359136
1FMCU0GX5DUC08857,1,EXTENDED WARRANTY COVERAGE FOR PCM REPROGRAMING IN THE EVENT OF ABS VEHICLE SPEED SIGNAL RELATED COMMUNICATION LOSS THAT DISABLES OBDII SYSTEM MONITORS,14N02,2023-03-06 23:52:30.124367
1FTFW1EF7BKE02861,1,TRANSMISSION MOLDED LEADFRAME EXTENDED COVERAGE,19N01,2023-03-06 23:52:31.123129
1FTEW1EFXGFD53361,2,POWER DOOR LOCK ACTUATOR FAILURE,20M04,2023-03-06 23:52:31.134089
1FTEW1EFXGFD53361,2,DOOR LATCH FREEZING CONCERNS,18N03,2023-03-06 23:52:31.136233
1FAHP3F28CL342278,1,TRANSMISSION CONTROL MODULE EXTENDED WARRANTY COVERAGE,14M02,2023-03-06 23:52:31.840153
1FTMF1EF9DFD95690,,,,2023-03-06 23:52:32.665038
1FTPX14V38KD34867,,,,2023-03-06 23:52:32.666340
1zvbp8am1d5259607,1,CLEAR PERMANENT DTC P0315,17N01,2023-03-06 23:52:32.699063
1ZVBP8AN6a5130539,1,TRANSMISSION MOLDED LEADFRAME EXTENDED COVERAGE,19N01,2023-03-06 23:52:33.889138
1FTFW1R68CFA65850,1,TRANSMISSION MOLDED LEADFRAME EXTENDED COVERAGE,19N01,2023-03-06 23:52:33.889959
1ZVFT80N655150584,,,,2023-03-06 23:52:33.905015
1FTEW1EG4FFC96680,2,UNINTENDED TAILGATE OPENING,21M06,2023-03-06 23:52:34.234971
1FTEW1EG4FFC96680,2,POWER DOOR LOCK ACTUATOR FAILURE,20M04,2023-03-06 23:52:34.237164
1FTMF1EW3AKA21370,,,,2023-03-06 23:52:34.501788
1FMZU72K04UB71733,,,,2023-03-06 23:52:34.813648
1FA6P8CF3K5184883,,,,2023-03-06 23:52:35.200191
1FABP44E8KF236094,,,,2023-03-06 23:52:35.423155
1fmpu15lx3la68400,,,,2023-03-06 23:52:36.448114
1FTYR10U66PA25180,,,,2023-03-06 23:52:36.788405
1FTEW1EF2GFB24530,2,POWER DOOR LOCK ACTUATOR FAILURE,20M04,2023-03-06 23:52:36.798909
1FTEW1EF2GFB24530,2,DOOR LATCH FREEZING CONCERNS,18N03,2023-03-06 23:52:36.799540
1FMCU94195KB84466,,,,2023-03-06 23:52:37.025495
1FTFW1CF3EKE78973,,,,2023-03-06 23:52:37.177949
1FTFW1EF9BFA44803,1,TRANSMISSION MOLDED LEADFRAME EXTENDED COVERAGE,19N01,2023-03-06 23:52:37.381652
1FTEW1EG6GFD32631,1,POWER DOOR LOCK ACTUATOR FAILURE,20M04,2023-03-06 23:52:37.763210
1FTCR11X8RPA27696,,,,2023-03-06 23:52:37.819071
1FADP3K21FL304867,,,,2023-03-06 23:52:39.600217
1ZVFT82H665254534,,,,2023-03-06 23:52:39.598156
1FA6P8CF5J5117443,,,,2023-03-06 23:52:39.695317
1FMZU73K13ZB25585,,,,2023-03-06 23:52:39.928652
1FTEX1E81AFA35053,,,,2023-03-06 23:52:40.658229
1FTRW08663KC83754,,,,2023-03-06 23:52:40.834227
1FMPU16L83LA20022,,,,2023-03-06 23:52:41.180513
1fmcu9gxxgua67325,,,,2023-03-06 23:52:43.018482
1FMZU73KX5UB63008,,,,2023-03-06 23:52:43.448183
1FAHP3F27CL470625,1,TRANSMISSION CONTROL MODULE EXTENDED WARRANTY COVERAGE,14M02,2023-03-06 23:52:43.592792
1ZVBP8CH0A5160644,,,,2023-03-06 23:52:44.532976
1FTEW1CPXFKF21811,2,POWER DOOR LOCK ACTUATOR FAILURE,20M04,2023-03-06 23:52:45.582101
1FTEW1CPXFKF21811,2,DOOR LATCH FREEZING CONCERNS,18N03,2023-03-06 23:52:45.585496
1FTPX14546NA20060,2,POWER DOOR LOCK ACTUATOR FAILURE,20M04,2023-03-06 23:52:45.591172
1FTPX14546NA20060,2,DOOR LATCH FREEZING CONCERNS,18N03,2023-03-06 23:52:45.593870
1FM5K8FH1JGB95946,3,HIGH SPEED COOLING FAN MOTOR RELAY,21N01,2023-03-06 23:52:45.602813
1FM5K8FH1JGB95946,3,ROOF RACK TRIM DETACHMENT,20N11,2023-03-06 23:52:45.605005
1FM5K8FH1JGB95946,3,TRANSMISSION EXTENDED WARRANTY COVERAGE,20N07,2023-03-06 23:52:45.607074
1FTZX18W6WNC22877,,,,2023-03-06 23:52:46.321975
1FMCU03709KC99870,1,ELECTRONIC THROTTLE BODY EXTENDED COVERAGE,13N03,2023-03-06 23:52:46.718300
1FTFW1ET6DKD95698,1,TRANSMISSION MOLDED LEADFRAME EXTENDED COVERAGE,19N01,2023-03-06 23:52:46.925612
1FMJK1H53BEF21929,,,,2023-03-06 23:52:47.281607
1FADP3F28HL337720,,,,2023-03-06 23:52:48.609225
1fafp40472f126409,,,,2023-03-06 23:52:50.145379
1FAHP34N87W243025,,,,2023-03-06 23:52:50.651088
1FTRF07223KD41762,,,,2023-03-06 23:52:51.059502
1FMZU73K03ZA25445,,,,2023-03-06 23:52:51.129043
1FTPX12516FA89365,,,,2023-03-06 23:52:53.143533
1FTYR10D26PA27699,,,,2023-03-06 23:52:53.144808
1FMYU60E43UC11331,,,,2023-03-06 23:52:53.447775
1FMZU67K54UB10624,,,,2023-03-06 23:52:53.946056
1FTFW1CT9EFA23706,,,,2023-03-06 23:52:54.780640
1FTEX14HXNKb90179,,,,2023-03-06 23:52:54.816067
1FTEX1EP3JKD14938,2,POWER DOOR LOCK ACTUATOR FAILURE,20M04,2023-03-06 23:52:56.279987
1FTEX1EP3JKD14938,2,DOOR LATCH REPAIR ENHANCEMENTS FOR VEHICLES IN 18N03 WITH COMPLETED REPAIRS,19N02,2023-03-06 23:52:56.280787
1FAHP3M29CL479636,1,TRANSMISSION CONTROL MODULE EXTENDED WARRANTY COVERAGE,14M02,2023-03-06 23:52:56.398364
1FTRF17W72NA95670,,,,2023-03-06 23:52:57.198677
1FTRX18W5XNB50989,,,,2023-03-06 23:52:57.276891
1FAFP40452F217145,,,,2023-03-06 23:52:57.570947
1ZVFT82Hx75255431,,,,2023-03-06 23:52:58.267108
1FMCU9DG1AKD20779,,,,2023-03-06 23:52:58.461460
3FAFP37353R185860,,,,2023-03-06 23:52:59.192669
1FTPW12V28FA12798,,,,2023-03-06 23:52:59.903607
1ftew1c88afc68868,,,,2023-03-06 23:53:00.269527
1ftfw1ed9nfa66965,,,,2023-03-06 23:53:00.817383
1ZVHT80N865110789,,,,2023-03-06 23:53:01.027662
1FA6P8TD3L5135828,,,,2023-03-06 23:53:01.375128
1FTEW1CG0JFB99763,3,DOOR LATCH FREEZING CONCERNS,18N03,2023-03-06 23:53:02.271884
1FTEW1CG0JFB99763,3,UNINTENDED TAILGATE OPENING,21M06,2023-03-06 23:53:02.274361
1FTEW1CG0JFB99763,3,POWER DOOR LOCK ACTUATOR FAILURE,20M04,2023-03-06 23:53:02.276611
1FTFW1ET6BFB83826,2,ELECTRIC VACUUM PUMP EXTENDED REPAIR,15N05,2023-03-06 23:53:02.954296
1FTFW1ET6BFB83826,2,TRANSMISSION MOLDED LEADFRAME EXTENDED COVERAGE,19N01,2023-03-06 23:53:02.955110
1ZVBP8AM7E5217217,,,,2023-03-06 23:53:03.288212
1ftew1cm0dfb23390,1,TRANSMISSION MOLDED LEADFRAME EXTENDED COVERAGE,19N01,2023-03-06 23:53:04.034666
1fmeu74e26ub05600,,,,2023-03-06 23:53:04.430541
1FA6P8AM2H5324366,,,,2023-03-06 23:53:04.851997
1FMYU02Z16KC50584,,,,2023-03-06 23:53:04.947190
1FTPW12594KD84916,,,,2023-03-06 23:53:05.756199
1FMZU63K32UD31609,,,,2023-03-06 23:53:06.740395
1FTFW1EFXDKF66964,1,TRANSMISSION MOLDED LEADFRAME EXTENDED COVERAGE,19N01,2023-03-06 23:53:07.030497
1FTRX18L8YKB23973,,,,2023-03-06 23:53:07.541464
1ZVBP8EM2E5271812,1,CLEAR PERMANENT DTC P0315,17N01,2023-03-06 23:53:07.647512
1FTPX12586NA05015,,,,2023-03-06 23:53:07.902293
1FMYU04132KC82549,,,,2023-03-06 23:53:08.190833
1FMPU15516LB00639,,,,2023-03-06 23:53:08.199692
1FTYR44U14PB05544,,,,2023-03-06 23:53:08.246927
1FMJU1JT5MEA01639,,,,2023-03-06 23:53:08.322445
1FADP3FE1JL331709,,,,2023-03-06 23:53:09.036285
1FTER1FHXKLA46595,,,,2023-03-06 23:53:09.075915
1FTRF12W45KC56716,,,,2023-03-06 23:53:09.365682
1faFp34n57w122766,,,,2023-03-06 23:53:09.418263
1FTFW1E59JKF24675,2,POWER DOOR LOCK ACTUATOR FAILURE,20M04,2023-03-06 23:53:09.607334
1FTFW1E59JKF24675,2,DOOR LATCH FREEZING CONCERNS,19N06,2023-03-06 23:53:09.609713
1FADP3F2XGL279592,,,,2023-03-06 23:53:09.756636
1FTDF15Y2SNA61070,,,,2023-03-06 23:53:09.976790
1FMPU18L9WLA82305,,,,2023-03-06 23:53:10.251973
1FADP3K21FL222296,1,TRANSMISSION CLUTCH SHUDDER -TRANSMISSION CLUTCH WARRANTY EXTENSION,19N08,2023-03-06 23:53:10.853500
1FTFW1E58KKD61132,,,,2023-03-06 23:53:10.895545
1FTCR10A6NTA27792,,,,2023-03-06 23:53:11.362224
1FTEW1CF5GKE16800,2,POWER DOOR LOCK ACTUATOR FAILURE,20M04,2023-03-06 23:53:11.391485
1FTEW1CF5GKE16800,2,DOOR LATCH FREEZING CONCERNS,18N03,2023-03-06 23:53:11.393797
1FMZU73K53ZA74396,,,,2023-03-06 23:53:12.155536
1FADP3K25JL312740,,,,2023-03-06 23:53:12.262908
1FAFP4448XF189908,,,,2023-03-06 23:53:12.281181
1ftex1c51jfa69258,2,POWER DOOR LOCK ACTUATOR FAILURE,20M04,2023-03-06 23:53:12.322169
1ftex1c51jfa69258,2,DOOR LATCH FREEZING CONCERNS,18N03,2023-03-06 23:53:12.324383
1FADP3K2XDL110822,1,TRANSMISSION CONTROL MODULE EXTENDED WARRANTY COVERAGE,14M02,2023-03-06 23:53:12.389991
1FAFP363X3W226420,,,,2023-03-06 23:53:12.439736
1FMJU2AT5GEF31555,,,,2023-03-06 23:53:12.522689
1fmcu93108ke77842,,,,2023-03-06 23:53:13.003771
1FAFP34N15W250189,,,,2023-03-06 23:53:13.091023
1ZVHT80N985157185,,,,2023-03-06 23:53:13.589204
1FTCR14A1RPB98586,,,,2023-03-06 23:53:14.201720
1FMSK8DH3MGA93977,,,,2023-03-06 23:53:14.207231
1zvbp8cf3e5213647,,,,2023-03-06 23:53:14.210735
1FTFX1ETXEFC82389,,,,2023-03-06 23:53:14.316059
1FTCR10A9NUA09507,,,,2023-03-06 23:53:14.612285
1FMEU53837UA77565,,,,2023-03-06 23:53:14.669132
1FTER4FH7MLD93323,,,,2023-03-06 23:53:14.686897
1FMCU9J99DUC71488,1,EXTENDED WARRANTY COVERAGE FOR PCM REPROGRAMING IN THE EVENT OF ABS VEHICLE SPEED SIGNAL RELATED COMMUNICATION LOSS THAT DISABLES OBDII SYSTEM MONITORS,14N02,2023-03-06 23:53:15.034866
1FMPU18LXXLA36869,,,,2023-03-06 23:53:15.171556
1FM5K7F86HGC23213,1,REAR TOE LINK REPLACEMENT,21R01,2023-03-06 23:53:15.610242
1FAHP35N98W144701,,,,2023-03-06 23:53:15.657666
1FMCU93148KE78668,,,,2023-03-06 23:53:15.869564
1FMJK1HT3HEA01298,,,,2023-03-06 23:53:16.183590
1fafp34nx5w316531,,,,2023-03-06 23:53:16.184547
1FMJU1LT7FEF37721,,,,2023-03-06 23:53:16.186285
1FTFW1EF4DKE73776,1,TRANSMISSION MOLDED LEADFRAME EXTENDED COVERAGE,19N01,2023-03-06 23:53:16.790784
1FM5K8GC3MGB68030,1,REAR AXLE BOLT REPLACEMENT,22N06,2023-03-06 23:53:17.105413
1FAFP45X32F107665,1,REAR AXLE BOLT REPLACEMENT,22N06,2023-03-06 23:53:17.109424
1ZVFT82H965206641,,,,2023-03-06 23:53:17.414428
1FADP3K2XDL152200,1,TRANSMISSION CONTROL MODULE EXTENDED WARRANTY COVERAGE,14M02,2023-03-06 23:53:17.621205
1Fmhk8d84cga78378,1,EPAS STEERING EFFORTS,15N01,2023-03-06 23:53:17.645643
1fahp3h25cl317268,1,TRANSMISSION CONTROL MODULE EXTENDED WARRANTY COVERAGE,14M02,2023-03-06 23:53:17.919101
1FTDF15N6PKB50025,,,,2023-03-06 23:53:18.241755
1FMCU9J97LUC33675,1,VEHICLE EMISSIONS CONTROL INFORMATION LABEL UPDATE,22L05,2023-03-06 23:53:18.828105
1FTEW1E43KKE35897,,,,2023-03-06 23:53:19.167203
1FAHP3H25CL367703,,,,2023-03-06 23:53:19.165703
1FA6P8TH6H5225338,1,CALIFORNIA EMISSION WARRANTY PARTS COVERAGE,18L02,2023-03-06 23:53:19.175958
1FTEW1EP4MKD24496,1,UNINTENDED TAILGATE OPENING,21M08,2023-03-06 23:53:19.196914
1FTPW14524KD25865,,,,2023-03-06 23:53:19.362588
1FTFW1E56MFA78191,,,,2023-03-06 23:53:19.864427
1FTDR15X5RPB67400,,,,2023-03-06 23:53:20.064231
1ZVBP8AM5C5237625,,,,2023-03-06 23:53:20.097336
1FTEW1EG5HFB63249,5,DOOR LATCH FREEZING CONCERNS,18N03,2023-03-06 23:53:20.359921
1FTEW1EG5HFB63249,5,POWER DOOR LOCK ACTUATOR FAILURE,20M04,2023-03-06 23:53:20.362088
1FTEW1EG5HFB63249,5,UNINTENDED TAILGATE OPENING,21M06,2023-03-06 23:53:20.364443
1FTEW1EG5HFB63249,5,CALIFORNIA EMISSION WARRANTY PARTS COVERAGE,18M02,2023-03-06 23:53:20.366655
1FTEW1EG5HFB63249,5,CALIFORNIA EMISSION WARRANTY PARTS COVERAGE,18L02,2023-03-06 23:53:20.368889
1FADP3K23DL305953,1,TRANSMISSION CONTROL MODULE EXTENDED WARRANTY COVERAGE,14M02,2023-03-06 23:53:20.710242
1FMSK7DH7LGA80707,1,TRANSMISSION CONTROL MODULE EXTENDED WARRANTY COVERAGE,14M02,2023-03-06 23:53:20.716231
1FMCU93106KC13338,,,,2023-03-06 23:53:20.721011
1FTEW1CM1BKD10027,1,TRANSMISSION MOLDED LEADFRAME EXTENDED COVERAGE,19N01,2023-03-06 23:53:20.787369
1FTYR10U92TA18919,,,,2023-03-06 23:53:20.811874
1ftpw14577kd20665,,,,2023-03-06 23:53:21.093730
1FAFP45X03F308439,,,,2023-03-06 23:53:21.135750
1FAFP38363W309405,,,,2023-03-06 23:53:21.315268
1ftpw14v29fa61286,,,,2023-03-06 23:53:21.326155
1FMDU64W85UB43510,,,,2023-03-06 23:53:21.587188
1FMZU64W82ZB70100,,,,2023-03-06 23:53:21.618039
1FAHP3N21CL402984,1,TRANSMISSION CONTROL MODULE EXTENDED WARRANTY COVERAGE,14M02,2023-03-06 23:53:21.919493
1FTEW1C54JKE91941,2,POWER DOOR LOCK ACTUATOR FAILURE,20M04,2023-03-06 23:53:22.266973
1FMHK7F85BGA88066,,,,2023-03-06 23:53:22.259094
1FTEW1C54JKE91941,2,DOOR LATCH FREEZING CONCERNS,19N06,2023-03-06 23:53:22.269338
1FMCU0G70FUA58546,2,POWER DOOR LOCK ACTUATOR FAILURE,20M04,2023-03-06 23:53:22.278214
1FMCU0G70FUA58546,2,DOOR LATCH FREEZING CONCERNS,19N06,2023-03-06 23:53:22.280792
1FMZU73K64ZA15178,,,,2023-03-06 23:53:22.375849
1FMYU93175KD27678,,,,2023-03-06 23:53:22.443080
1FADP3N22DL196011,1,TRANSMISSION CONTROL MODULE EXTENDED WARRANTY COVERAGE,14M02,2023-03-06 23:53:22.551521
1FMPU15526LA29435,,,,2023-03-06 23:53:22.847223
1FMEU17LXVLA15090,,,,2023-03-06 23:53:22.855545
1FTRW07613KA38815,,,,2023-03-06 23:53:22.850548
1FTZX17251KC04962,,,,2023-03-06 23:53:23.121712
1FMDU34X0SUB76133,,,,2023-03-06 23:53:23.126583
1ftzr45e05pa45950,,,,2023-03-06 23:53:23.484622
1FTPW12594KB97191,,,,2023-03-06 23:53:23.755159
1FTRW08LX2KD37884,,,,2023-03-06 23:53:23.765391
1FTDX1760VNA63784,,,,2023-03-06 23:53:23.769315
1fmsk8dh9lgb15382,,,,2023-03-06 23:53:24.065282
1FADP3F26DL315211,1,TRANSMISSION CONTROL MODULE EXTENDED WARRANTY COVERAGE,14M02,2023-03-06 23:53:24.074827
1FADP3E24DL220499,1,TRANSMISSION CONTROL MODULE EXTENDED WARRANTY COVERAGE,14M02,2023-03-06 23:53:24.081135
1FMZU73K83UA83722,1,TRANSMISSION CONTROL MODULE EXTENDED WARRANTY COVERAGE,14M02,2023-03-06 23:53:24.375860
1ZVBP8AMXC5245042,,,,2023-03-06 23:53:24.384789
1FAHP3F20CL423677,,,,2023-03-06 23:53:24.387293
1FMZU73E24UC02702,,,,2023-03-06 23:53:24.782879
1FMCU22X9PUC54151,,,,2023-03-06 23:53:24.786855
1FTPW14555KE12404,,,,2023-03-06 23:53:24.954686
1fTEW1CG8FKE71703,3,POWER DOOR LOCK ACTUATOR FAILURE,20M04,2023-03-06 23:53:25.288974
1fTEW1CG8FKE71703,3,UNINTENDED TAILGATE OPENING,21M06,2023-03-06 23:53:25.289807
1fTEW1CG8FKE71703,3,DOOR LATCH FREEZING CONCERNS,18N03,2023-03-06 23:53:25.290592
1FMYU93155KB08640,,,,2023-03-06 23:53:25.309319
1FAFP34P82W359701,,,,2023-03-06 23:53:25.329521
1FMFU20546LA57505,,,,2023-03-06 23:53:25.709131
1FTFW1ET8BFC25378,,,,2023-03-06 23:53:25.711942
1ZVFT82H165174672,,,,2023-03-06 23:53:25.715101
1FTZX17291NB04622,,,,2023-03-06 23:53:25.917976
1FTFW1ETXCFB65086,2,TRANSMISSION MOLDED LEADFRAME EXTENDED COVERAGE,19N01,2023-03-06 23:53:25.929909
1FTFW1ETXCFB65086,2,ELECTRIC VACUUM PUMP EXTENDED REPAIR,15N05,2023-03-06 23:53:25.931864
1FTFW1EFXBFC70414,1,TRANSMISSION MOLDED LEADFRAME EXTENDED COVERAGE,19N01,2023-03-06 23:53:25.990697
1FTFW1CT0DFC20469,1,TRANSMISSION MOLDED LEADFRAME EXTENDED COVERAGE,19N01,2023-03-06 23:53:26.248612
1FTFW1EF5CFA44461,1,MOLDED LEADFRAME EXTENDED COVERAGE,16N02,2023-03-06 23:53:26.346767
1FTFW1ET1EKF23170,,,,2023-03-06 23:53:26.571603
1FTRX14W88FB67657,,,,2023-03-06 23:53:26.888029
1ftpw14535fa30882,,,,2023-03-06 23:53:26.914136
1FTYR44U34PA00049,,,,2023-03-06 23:53:26.921422
1FMCU0GD9JUC19393,1,ONE TIME REPAIR FOR VEHICLES INCLUDED IN 19B37,21N12,2023-03-06 23:53:27.201966
1FMEU7DE9AUA75875,1,TRANSMISSION MOLDED LEADFRAME EXTENDED COVERAGE,19N01,2023-03-06 23:53:27.214705
1FTFW1ET6BFB36795,1,TRANSMISSION MOLDED LEADFRAME EXTENDED COVERAGE,19N01,2023-03-06 23:53:27.217068
1FMCU0GX0EUE41157,,,,2023-03-06 23:53:27.353449
1FTEW1EG4FFB56872,3,POWER DOOR LOCK ACTUATOR FAILURE,20M04,2023-03-06 23:53:27.346863
1FTEW1EG4FFB56872,3,UNINTENDED TAILGATE OPENING,21M06,2023-03-06 23:53:27.358628
1FTEW1EG4FFB56872,3,DOOR LATCH FREEZING CONCERNS,18N03,2023-03-06 23:53:27.360972
1FADP3FE9JL216856,,,,2023-03-06 23:53:27.449967
1FADP3K26JL299593,,,,2023-03-06 23:53:27.724220
1FTFW1EF2BKD05115,1,TRANSMISSION MOLDED LEADFRAME EXTENDED COVERAGE,19N01,2023-03-06 23:53:27.796598
1FTPX14V17FA84441,,,,2023-03-06 23:53:28.006705
1FTZR15E14PB24685,,,,2023-03-06 23:53:28.341821
1FMCU0H91DUC72121,1,EXTENDED WARRANTY COVERAGE FOR PCM REPROGRAMING IN THE EVENT OF ABS VEHICLE SPEED SIGNAL RELATED COMMUNICATION LOSS THAT DISABLES OBDII SYSTEM MONITORS,14N02,2023-03-06 23:53:28.396852
1FTRF17213NA17786,,,,2023-03-06 23:53:28.413649
1fmzu73x7yza08029,,,,2023-03-06 23:53:28.590788
1fM5K8D89GGB10413,2,REAR WHEEL KNUCKLE REPLACEMENT,22N01,2023-03-06 23:53:28.637130
1fM5K8D89GGB10413,2,HIGH SPEED COOLING FAN MOTOR RELAY,21N01,2023-03-06 23:53:28.638587
1FTZR15E26PA14196,,,,2023-03-06 23:53:28.672658
1fahp35n29w258377,,,,2023-03-06 23:53:28.761729
1FAFP42X84F200124,,,,2023-03-06 23:53:28.779359
1FM5K8DH8GGA42038,1,HIGH SPEED COOLING FAN MOTOR RELAY,21N01,2023-03-06 23:53:28.923329
1FMFU18556LA45314,,,,2023-03-06 23:53:29.193998
3FAFP31313R117435,,,,2023-03-06 23:53:29.202435
1FM5K7F8XDGC78032,1,DOOR LATCH,19N09,2023-03-06 23:53:29.407378
1ftpx14535fb76163,,,,2023-03-06 23:53:29.750155
1FTZR15V2XPB64519,1,MULTIFUNCTION SWITCH,00B40,2023-03-06 23:53:29.780167
3FAFP31312R167069,,,,2023-03-06 23:53:29.876286
1FMZU35P6WZB63819,,,,2023-03-06 23:53:30.050939
1FTMF1C5XKKD66200,,,,2023-03-06 23:53:30.072184
1FMCU0JX1EUC68029,,,,2023-03-06 23:53:30.077511
1FAFP42X1YF106995,,,,2023-03-06 23:53:30.166616
1FAFP42X04F108912,,,,2023-03-06 23:53:30.237131
1FTYR10D68PB14315,,,,2023-03-06 23:53:30.385635
1FATP8UH2L5101349,1,DOOR LATCH,21N10,2023-03-06 23:53:30.650945
1FMCU0HD5KUA63370,1,ONE TIME REPAIR FOR VEHICLES INCLUDED IN 19B37,21N12,2023-03-06 23:53:30.658872
1FMCU0J91KUB82796,,,,2023-03-06 23:53:30.944180
1FAFP45X0WF107547,,,,2023-03-06 23:53:31.183546
1FTZR45EX4PB53264,,,,2023-03-06 23:53:31.209068
1FMEU64E86UB64368,,,,2023-03-06 23:53:31.274177
1FTFX1EF6DKF33585,1,TRANSMISSION MOLDED LEADFRAME EXTENDED COVERAGE,19N01,2023-03-06 23:53:31.462635
1ftyr10u43pb41912,,,,2023-03-06 23:53:31.519508
1fahp3j27cl335006,1,TRANSMISSION CONTROL MODULE EXTENDED WARRANTY COVERAGE,14M02,2023-03-06 23:53:31.528538
1ftzR15e61ta54796,,,,2023-03-06 23:53:31.606506
1FMFU15508LA03009,,,,2023-03-06 23:53:31.715479
1FTEX15N2PKA95526,,,,2023-03-06 23:53:31.790973
1FMCU0F76FUA34382,,,,2023-03-06 23:53:32.028926
1FTMF1C57KKD60192,,,,2023-03-06 23:53:32.081791
1FTRW07662KA47945,,,,2023-03-06 23:53:32.351435
1ZVBP8FFXB5135276,,,,2023-03-06 23:53:32.569039
1FMZU67E91UA52782,,,,2023-03-06 23:53:32.644046
1FAHP3F26CL384674,1,TRANSMISSION CONTROL MODULE EXTENDED WARRANTY COVERAGE,14M02,2023-03-06 23:53:32.788470
1FMCU0GX1DUD08602,1,EXTENDED WARRANTY COVERAGE FOR PCM REPROGRAMING IN THE EVENT OF ABS VEHICLE SPEED SIGNAL RELATED COMMUNICATION LOSS THAT DISABLES OBDII SYSTEM MONITORS,14N02,2023-03-06 23:53:32.877441
1ZVBP8CF0E5248842,,,,2023-03-06 23:53:32.958971
1FMJK2AT2MEA13551,,,,2023-03-06 23:53:32.975840
1FMJU1GT4MEA02241,,,,2023-03-06 23:53:33.035675
1FMYU02Z26KA30239,,,,2023-03-06 23:53:33.166997
3FAFP31301R159673,,,,2023-03-06 23:53:33.199886
1fahp3fn6bw104114,,,,2023-03-06 23:53:33.460273
1FMCU59369KA85922,,,,2023-03-06 23:53:33.472350
1FTER4FH5KLB12889,,,,2023-03-06 23:53:33.813337
1FMYU93155KA95002,,,,2023-03-06 23:53:33.985455
1fmcu9d70akc13772,1,ELECTRONIC THROTTLE BODY EXTENDED COVERAGE,13N03,2023-03-06 23:53:34.087967
1FAFP44433F418425,,,,2023-03-06 23:53:34.245526
1FMCU0GX7GUA18322,,,,2023-03-06 23:53:34.273463
1FADP3K2XEL333430,2,TRANSMISSION CONTROL MODULE EXTENDED WARRANTY COVERAGE,14M02,2023-03-06 23:53:34.346610
1FADP3K2XEL333430,2,TRANSMISSION CLUTCH SHUDDER -TRANSMISSION CLUTCH WARRANTY EXTENSION,19N08,2023-03-06 23:53:34.348778
1FAFP34N36W124854,,,,2023-03-06 23:53:34.374488
1FTPX12525FA67647,,,,2023-03-06 23:53:34.503598
1FAHP3FN0AW143165,,,,2023-03-06 23:53:34.640076
1FTDF15Y7RLB52888,,,,2023-03-06 23:53:34.699117
1FATP8UH5J5143236,1,DOOR LATCH,21N10,2023-03-06 23:53:34.871774
1FMCU0GD3HUE54463,1,ONE TIME REPAIR FOR VEHICLES INCLUDED IN 19B37,21N12,2023-03-06 23:53:35.279555
1fmpu17l64lb36657,,,,2023-03-06 23:53:35.409972
1fadp3f21gl306775,,,,2023-03-06 23:53:35.463162
1FAHP3H2XCL196222,1,TRANSMISSION CONTROL MODULE EXTENDED WARRANTY COVERAGE,14M02,2023-03-06 23:53:35.676407
1FTFW1EV3AFA18204,,,,2023-03-06 23:53:35.685988
1FTPX04556KD72303,,,,2023-03-06 23:53:35.750685
1FADP3F27DL188260,1,TRANSMISSION CONTROL MODULE EXTENDED WARRANTY COVERAGE,14M02,2023-03-06 23:53:35.760342
1FAFp33P13W240603,,,,2023-03-06 23:53:35.791541
1FMCU03128KE19114,,,,2023-03-06 23:53:36.051624
1FTMF1CB4LKE56420,,,,2023-03-06 23:53:36.050496
1FTKR1ED9BPA25165,,,,2023-03-06 23:53:36.352294
1FMJU1KT6HEA74412,,,,2023-03-06 23:53:36.963851
1FmJk1kt3mea41299,,,,2023-03-06 23:53:36.969712
1FMZU32E6WZB87959,,,,2023-03-06 23:53:36.974776
1ftrf12236na07921,,,,2023-03-06 23:53:37.156098
1FTRW08L72KC06959,,,,2023-03-06 23:53:37.268344
1FABP26A0GF150929,,,,2023-03-06 23:53:37.280673
1FA6P8CF5J5166772,,,,2023-03-06 23:53:37.281218
1FTYR10D28PA53027,,,,2023-03-06 23:53:37.288497
1FTRF12248KF02813,,,,2023-03-06 23:53:37.345858
1FTDF1728VND21968,,,,2023-03-06 23:53:37.524534
1FM5K7D86JGC54258,1,HIGH SPEED COOLING FAN MOTOR RELAY,21N01,2023-03-06 23:53:37.587729
1FTEW1EG4FFB47850,3,POWER DOOR LOCK ACTUATOR FAILURE,20M04,2023-03-06 23:53:37.896473
1FTEW1EG4FFB47850,3,UNINTENDED TAILGATE OPENING,21M06,2023-03-06 23:53:37.897358
1FTEW1EG4FFB47850,3,DOOR LATCH FREEZING CONCERNS,18N03,2023-03-06 23:53:37.898064
1FMYU93115KC92359,,,,2023-03-06 23:53:38.365723
1FTPX14566NB49742,,,,2023-03-06 23:53:38.410148
1FTMF1C83GKE70495,2,POWER DOOR LOCK ACTUATOR FAILURE,20M04,2023-03-06 23:53:38.459012
1FTMF1C83GKE70495,2,DOOR LATCH FREEZING CONCERNS,18N03,2023-03-06 23:53:38.461125
1FMYU95H26KD48997,,,,2023-03-06 23:53:38.694130
1FM5K7D89GGA95194,2,HIGH SPEED COOLING FAN MOTOR RELAY,21N01,2023-03-06 23:53:38.725465
1FM5K7D89GGA95194,2,REAR TOE LINK REPLACEMENT,21R01,2023-03-06 23:53:38.726967
1FTEW1E47KKC50199,3,POWER DOOR LOCK ACTUATOR FAILURE,20M04,2023-03-06 23:53:38.732287
1FTEW1E47KKC50199,3,UNINTENDED TAILGATE OPENING,21M06,2023-03-06 23:53:38.733365
1FTEW1E47KKC50199,3,DOOR LATCH FREEZING CONCERNS,19N06,2023-03-06 23:53:38.734376
1fm5k8d86dga39702,,,,2023-03-06 23:53:38.741167
1FTYR14VX1PB31367,,,,2023-03-06 23:53:38.763519
1FAFP40463F306644,,,,2023-03-06 23:53:38.823677
1FM5K8F83DGA57314,,,,2023-03-06 23:53:39.049814
1FAFP34P32W241135,,,,2023-03-06 23:53:39.059654
1FTFW1ET9DFA97414,1,TRANSMISSION MOLDED LEADFRAME EXTENDED COVERAGE,19N01,2023-03-06 23:53:39.355984
1ftrx18w0ykb01914,,,,2023-03-06 23:53:39.934822
1FTFW1CV3AFC34041,,,,2023-03-06 23:53:39.941407
1FADP3J2XFL235341,1,TRANSMISSION CLUTCH SHUDDER -TRANSMISSION CLUTCH WARRANTY EXTENSION,19N08,2023-03-06 23:53:39.953625
1FTEW1E46LKE44594,,,,2023-03-06 23:53:40.162175
1FAFP404X1F103088,,,,2023-03-06 23:53:40.159581
1FTRF12W96KD82667,,,,2023-03-06 23:53:40.172280
1fmcu0gx9gua48986,,,,2023-03-06 23:53:40.178348
1ZVBP8CF3C5203598,,,,2023-03-06 23:53:40.181834
1zvbp8amxc5276677,,,,2023-03-06 23:53:40.240277
1FM5K8D82FGA99270,,,,2023-03-06 23:53:40.566203
1FMCU0JX0EUC19792,,,,2023-03-06 23:53:40.569770
1fafp49y13f413381,,,,2023-03-06 23:53:40.854400
1FMCU9G90HUC03271,,,,2023-03-06 23:53:41.402675
1FAFP45X84F150711,,,,2023-03-06 23:53:41.414738
1FTPW14V06FB42377,,,,2023-03-06 23:53:41.425230
1FTDF15YXGNA76326,3,ROOF RACK TRIM DETACHMENT,20N11,2023-03-06 23:53:41.790877
1FAHP3E25CL126857,3,ROOF RACK TRIM DETACHMENT,20N11,2023-03-06 23:53:41.793327
1FTDF15YXGNA76326,3,REAR TOE LINK REPLACEMENT,21R01,2023-03-06 23:53:41.797980
1FTDF15YXGNA76326,3,HIGH SPEED COOLING FAN MOTOR RELAY,21N01,2023-03-06 23:53:41.805919
1FTEW1EF4GFB25923,3,ROOF RACK TRIM DETACHMENT,20N11,2023-03-06 23:53:41.796271
1FTEW1EF4GFB25923,3,REAR TOE LINK REPLACEMENT,21R01,2023-03-06 23:53:41.809793
1FTDF15Y6RNB48187,,,,2023-03-06 23:53:41.811346
1FTEW1EF4GFB25923,3,HIGH SPEED COOLING FAN MOTOR RELAY,21N01,2023-03-06 23:53:41.818667
1FAHP3E25CL126857,3,REAR TOE LINK REPLACEMENT,21R01,2023-03-06 23:53:41.800903
1FM5K7F85HGB50058,,,,2023-03-06 23:53:41.822492
1FAHP3E25CL126857,3,HIGH SPEED COOLING FAN MOTOR RELAY,21N01,2023-03-06 23:53:41.830517
1ZVHT82H265240591,,,,2023-03-06 23:53:41.836966
1FTPX045X4KB01153,,,,2023-03-06 23:53:42.086531
1FMYU93116KB35979,,,,2023-03-06 23:53:42.087751
1FAFP33P23W178855,,,,2023-03-06 23:53:42.390329
1FTFW1ETXEFA03963,,,,2023-03-06 23:53:42.949556
1FAFP31N17W278498,,,,2023-03-06 23:53:42.954006
1FMYU93184KA98037,,,,2023-03-06 23:53:42.963201
1FTZR15X6XPB38765,,,,2023-03-06 23:53:43.283090
1FTRF12206NA66778,,,,2023-03-06 23:53:43.342540
1FAHP3GN4AW284982,,,,2023-03-06 23:53:43.351665
1FMZU63K93UB86710,,,,2023-03-06 23:53:43.353116
1FAFP45X5WF210236,,,,2023-03-06 23:53:43.363486
1FMCU9C72AKD34711,1,ELECTRONIC THROTTLE BODY EXTENDED COVERAGE,13N03,2023-03-06 23:53:43.372177
1FMCU22X1TUC76817,,,,2023-03-06 23:53:43.598747
1FADP3L9XJL274305,,,,2023-03-06 23:53:43.609314
1FTEW1C84HFC05504,2,POWER DOOR LOCK ACTUATOR FAILURE,20M04,2023-03-06 23:53:44.031568
1FTEW1C84HFC05504,2,DOOR LATCH FREEZING CONCERNS,18N03,2023-03-06 23:53:44.037561
1FTMF1CW1AKE66290,,,,2023-03-06 23:53:45.358723
1ftew1eg2jkc68778,,,,2023-03-06 23:53:45.374794
1FAHP33NX8W253915,,,,2023-03-06 23:53:45.373470
1FMCU9GX9FUB99913,,,,2023-03-06 23:53:45.378950
1FM5K7D85DGC29825,2,REAR TOE LINK REPLACEMENT,21R01,2023-03-06 23:53:45.388673
1FM5K7D85DGC29825,2,DOOR LATCH,19N09,2023-03-06 23:53:45.396826
1FTEW1EPXKFB21912,,,,2023-03-06 23:53:45.415942
1FTRX18L2YNA25276,,,,2023-03-06 23:53:45.416619
1FTRX18LX2NA69825,,,,2023-03-06 23:53:45.417846
1FAFP4044XF161240,,,,2023-03-06 23:53:45.668268
1fmfu18518la69371,,,,2023-03-06 23:53:45.674915
1FTDR15X0PPA92392,,,,2023-03-06 23:53:45.687029
1FM5K8D81DGB04438,1,DOOR LATCH,19N09,2023-03-06 23:53:45.695164
1FMCU9GD8KUC21254,,,,2023-03-06 23:53:46.998697
1FA6P8CF5L5189763,,,,2023-03-06 23:53:46.998137
1ftew1e57jkd93869,2,POWER DOOR LOCK ACTUATOR FAILURE,20M04,2023-03-06 23:53:47.007599
1ftew1e57jkd93869,2,DOOR LATCH FREEZING CONCERNS,18N03,2023-03-06 23:53:47.017270
1FTEX15F7EKA01002,,,,2023-03-06 23:53:47.033250
1FAHP35N39W185116,,,,2023-03-06 23:53:47.029658
1FMRU18W3WLA20644,,,,2023-03-06 23:53:47.040600
1FAFP42XXYF186121,,,,2023-03-06 23:53:47.036892
2FTRX18W42CA15484,,,,2023-03-06 23:53:47.038835
1FMCU9EG6CKB48203,1,ELECTRONIC THROTTLE BODY EXTENDED COVERAGE,13N03,2023-03-06 23:53:47.326600
1FMZU35P7WUA09147,,,,2023-03-06 23:53:47.331218
1FTFW1EF5BFB76070,1,TRANSMISSION MOLDED LEADFRAME EXTENDED COVERAGE,19N01,2023-03-06 23:53:47.338120
1FTEW1EF6FKD96813,2,DOOR LATCH FREEZING CONCERNS,18N03,2023-03-06 23:53:47.351172
1FTEW1EF6FKD96813,2,POWER DOOR LOCK ACTUATOR FAILURE,20M04,2023-03-06 23:53:47.351991
1FMCU9GX2EUD46572,2,REAR TOE LINK INSPECTION REPLACEMENT,21R02,2023-03-06 23:53:48.643618
1FAFP42XX4F106455,,,,2023-03-06 23:53:48.649537
1FTYR10D21PB10509,,,,2023-03-06 23:53:48.665537
1FMCU9GX2EUD46572,2,EPAS STEERING EFFORTS,15N01,2023-03-06 23:53:48.656390
1FMHK8F88CGA17323,,,,2023-03-06 23:53:48.664482
1FTFW1EV0AFB46528,,,,2023-03-06 23:53:48.678404
1ZVFT84N265244263,,,,2023-03-06 23:53:48.683320
1ZVFT84N155216467,,,,2023-03-06 23:53:48.684139
1FAFP4046WF143269,,,,2023-03-06 23:53:48.685027
1FTEW1CP1JKE13733,2,POWER DOOR LOCK ACTUATOR FAILURE,20M04,2023-03-06 23:53:48.952437
1FTEW1CP1JKE13733,2,DOOR LATCH FREEZING CONCERNS,19N06,2023-03-06 23:53:48.954366
1fmpu18l6yla60152,,,,2023-03-06 23:53:48.989936
1FADP3E23EL238817,2,TRANSMISSION CONTROL MODULE EXTENDED WARRANTY COVERAGE,14M02,2023-03-06 23:53:49.003228
1ZVHT84N285185386,2,TRANSMISSION CONTROL MODULE EXTENDED WARRANTY COVERAGE,14M02,2023-03-06 23:53:49.003904
1FADP3E23EL238817,2,TRANSMISSION CLUTCH SHUDDER -TRANSMISSION CLUTCH WARRANTY EXTENSION,19N08,2023-03-06 23:53:49.005477
1ZVHT84N285185386,2,TRANSMISSION CLUTCH SHUDDER -TRANSMISSION CLUTCH WARRANTY EXTENSION,19N08,2023-03-06 23:53:49.006046
1FTFW1ET0BFA80806,,,,2023-03-06 23:53:50.175335
1FTEW1C80AFC46203,,,,2023-03-06 23:53:50.180479
1FMPU18L81LB71291,,,,2023-03-06 23:53:50.192155
1FMCU9GX8GUC29825,,,,2023-03-06 23:53:50.204605
1zvft80n365239188,,,,2023-03-06 23:53:50.206153
1FMCU0F72KUA50511,,,,2023-03-06 23:53:50.209098
1FTZX1762WNB66289,,,,2023-03-06 23:53:50.215166
1FAFP40433F364808,,,,2023-03-06 23:53:50.240638
1FTFW1ET8CFA88914,1,TRANSMISSION MOLDED LEADFRAME EXTENDED COVERAGE,19N01,2023-03-06 23:53:50.501950
1FTEW1EP7MKD92548,,,,2023-03-06 23:53:50.513980
1FTPX145X4NA90224,,,,2023-03-06 23:53:50.535896
1FTEW1E53KKE61487,,,,2023-03-06 23:53:50.537815
1ZVHT85H385123942,,,,2023-03-06 23:53:51.834889
1ZVHT80N685208495,,,,2023-03-06 23:53:51.873597
1FMCU9G6XMUA50947,,,,2023-03-06 23:53:51.956370
1FTRX17L81NB59930,,,,2023-03-06 23:53:51.957715
1FMYU031X7KB59906,,,,2023-03-06 23:53:52.110324
1FMEU63E37UA71647,,,,2023-03-06 23:53:52.125544
1FMZU67E32UB57173,,,,2023-03-06 23:53:52.158868
1FMZU72E12UA83393,,,,2023-03-06 23:53:52.161732
1ftrx17lxynb98495,,,,2023-03-06 23:53:52.195180
1FTEX15N8NKA86665,,,,2023-03-06 23:53:52.289424
1FADP3F21FL277776,1,TRANSMISSION CLUTCH SHUDDER -TRANSMISSION CLUTCH WARRANTY EXTENSION,19N08,2023-03-06 23:53:52.406755
1FTEF15Y6TLC20707,,,,2023-03-06 23:53:52.764634
1FAFP31N57W346396,,,,2023-03-06 23:53:53.344619
1FMCU0G95HUC88877,,,,2023-03-06 23:53:53.437982
1FTYR11U36PA10859,,,,2023-03-06 23:53:53.431757
1FMCU9DGXAKC68830,,,,2023-03-06 23:53:53.482551
1fmeu73e87ub16751,,,,2023-03-06 23:53:53.643192
1FMDU62K73UC37536,,,,2023-03-06 23:53:53.693437
1FTEF14N2KNA49495,,,,2023-03-06 23:53:53.695483
1FTPW14544KC21409,,,,2023-03-06 23:53:53.735652
1FTFX1EV2AFC28340,,,,2023-03-06 23:53:53.737723
1FMFU17L44LB20825,,,,2023-03-06 23:53:53.814362
1FMDU34X0SZB01838,,,,2023-03-06 23:53:53.987627
1FTKR1AD3BPA88297,,,,2023-03-06 23:53:54.229451
1FMDU63K85UA93139,,,,2023-03-06 23:53:54.918028
1FATP8UH2J5156347,1,DOOR LATCH,21N10,2023-03-06 23:53:54.924140
1FMCU9G94HUC87966,,,,2023-03-06 23:53:55.023323
2FTRX08L93CA39250,,,,2023-03-06 23:53:55.031661
1FTRX12W96KB62068,,,,2023-03-06 23:53:55.163074
1FMJK1G5XEEF42105,,,,2023-03-06 23:53:55.178754
1FTEW1CP7FKF02391,,,,2023-03-06 23:53:55.196877
1FM5K8F85FGC13615,1,FRONT DOOR TRIM PANEL REPAIR,17N04,2023-03-06 23:53:55.254697
1FTFW1E80MFA90296,,,,2023-03-06 23:53:55.263236
1FTPW14554KD29764,,,,2023-03-06 23:53:55.356484
1FTDF15R5RLB04783,,,,2023-03-06 23:53:55.484367
1FMCU9GX3DUA11741,1,EXTENDED WARRANTY COVERAGE FOR PCM REPROGRAMING IN THE EVENT OF ABS VEHICLE SPEED SIGNAL RELATED COMMUNICATION LOSS THAT DISABLES OBDII SYSTEM MONITORS,14N02,2023-03-06 23:53:55.808501
1FTPX14505NA67889,1,HIGH SPEED COOLING FAN MOTOR RELAY,21N01,2023-03-06 23:53:56.529413
1FM5K7D84JGA34360,1,HIGH SPEED COOLING FAN MOTOR RELAY,21N01,2023-03-06 23:53:56.527153
1FADP3F28FL242443,,,,2023-03-06 23:53:56.582741
1FTYR14U7WPB34385,,,,2023-03-06 23:53:56.613180
1FMEU72E76UA32209,,,,2023-03-06 23:53:56.694388
1FMJK1HT1JEA27422,,,,2023-03-06 23:53:56.741348
1FTFW1EF0HFA15683,2,POWER DOOR LOCK ACTUATOR FAILURE,20M04,2023-03-06 23:53:56.747985
1FTFW1EF0HFA15683,2,DOOR LATCH FREEZING CONCERNS,18N03,2023-03-06 23:53:56.749279
1FTYR14V8YPA04904,,,,2023-03-06 23:53:56.757922
1FMFU18L34LB01035,,,,2023-03-06 23:53:56.787934
1fmeu64e98ua27006,,,,2023-03-06 23:53:56.880612
1FTPX14V57FB65796,,,,2023-03-06 23:53:57.126178
1FTNF1CF9CKD54263,1,TRANSMISSION MOLDED LEADFRAME EXTENDED COVERAGE,19N01,2023-03-06 23:53:57.464240
1FAHP36N39W217819,,,,2023-03-06 23:53:58.052175
1ZVBP8EM0C5217941,,,,2023-03-06 23:53:58.076412
1FM5K7D81FGc57057,1,REAR TOE LINK REPLACEMENT,21R01,2023-03-06 23:53:58.132262
1FM5K8F8XDGA64938,,,,2023-03-06 23:53:58.220145
1FA6P8CF7K5197734,,,,2023-03-06 23:53:58.233424
1ZVBP8EM7B5157851,,,,2023-03-06 23:53:58.242580
1FTRW07L91KC27778,,,,2023-03-06 23:53:58.247813
1FABP28M5FF162337,,,,2023-03-06 23:53:58.311415
1FMRU1868XLA79416,1,MULTIFUNCTION SWITCH,00B40,2023-03-06 23:53:58.319894
1FMJU2AT1KEA40120,,,,2023-03-06 23:53:58.463274
1ftcr15x1nta03378,,,,2023-03-06 23:53:58.684669
1FMRU15W11LA03046,,,,2023-03-06 23:53:58.988923
1FTRF17WX2nA06626,,,,2023-03-06 23:53:59.552794
2FTRX18L4XCA18527,,,,2023-03-06 23:53:59.594203
1FM5K8AT9FGC66815,,,,2023-03-06 23:53:59.645225
1FTFW1EF3DFD04700,1,TRANSMISSION MOLDED LEADFRAME EXTENDED COVERAGE,19N01,2023-03-06 23:53:59.716165
1ZVBP8CF3D5253810,,,,2023-03-06 23:53:59.736929
1FTCR10A2TUD70526,,,,2023-03-06 23:53:59.747690
1FMCU0J98HUB91522,,,,2023-03-06 23:53:59.819205
1FMRU15L41LA26942,,,,2023-03-06 23:53:59.826678
1ZVBP8AM0E5269398,,,,2023-03-06 23:53:59.836570
1FMCU0GX5EUC97816,,,,2023-03-06 23:53:59.963626
1FMCU04131KE81240,,,,2023-03-06 23:54:00.196004
1FM5K8D88DGA76542,,,,2023-03-06 23:54:00.483475
1ZVBP8EM3C5230554,1,CLEAR PERMANENT DTC P0315,17N01,2023-03-06 23:54:01.077155
1FMDU34XXMUA27716,,,,2023-03-06 23:54:01.216990
1FTFW1ET0CFB93737,2,ELECTRIC VACUUM PUMP EXTENDED REPAIR,15N05,2023-03-06 23:54:01.437487
1FTFW1ET0CFB93737,2,TRANSMISSION MOLDED LEADFRAME EXTENDED COVERAGE,19N01,2023-03-06 23:54:01.439325
1ftpw14v49fa30914,,,,2023-03-06 23:54:01.553028
1FAFP40493F403465,,,,2023-03-06 23:54:01.563542
1FATP8UH0L5135967,1,DOOR LATCH,21N10,2023-03-06 23:54:01.586545
1FA6P8TH6K5156819,,,,2023-03-06 23:54:01.597724
1FMCU03G49KC79928,2,TRANSMISSION CONTROL MODULE EXTENDED WARRANTY COVERAGE,14M02,2023-03-06 23:54:01.611656
1FADP3F22EL368957,2,TRANSMISSION CONTROL MODULE EXTENDED WARRANTY COVERAGE,14M02,2023-03-06 23:54:01.616834
1FADP3F22EL368957,2,TRANSMISSION CLUTCH SHUDDER -TRANSMISSION CLUTCH WARRANTY EXTENSION,19N08,2023-03-06 23:54:01.621466
1FMCU03G49KC79928,2,TRANSMISSION CLUTCH SHUDDER -TRANSMISSION CLUTCH WARRANTY EXTENSION,19N08,2023-03-06 23:54:01.619281
1FMDU32X6RUD01200,2,TRANSMISSION CONTROL MODULE EXTENDED WARRANTY COVERAGE,14M02,2023-03-06 23:54:01.622673
1FMDU32X6RUD01200,2,TRANSMISSION CLUTCH SHUDDER -TRANSMISSION CLUTCH WARRANTY EXTENSION,19N08,2023-03-06 23:54:01.630429
1FMCU9D75BKB54106,,,,2023-03-06 23:54:01.801071
1FTFW1EV2AFB46059,,,,2023-03-06 23:54:02.094216
1FTEW1CFXGKF89874,2,DOOR LATCH FREEZING CONCERNS,18N03,2023-03-06 23:54:02.716443
1FTEW1CFXGKF89874,2,POWER DOOR LOCK ACTUATOR FAILURE,20M04,2023-03-06 23:54:02.718597
1fm5k8d83kgb32612,,,,2023-03-06 23:54:02.744862
1FTEW1E43LFB36663,,,,2023-03-06 23:54:03.082910
1FMZU34EXWZA91555,,,,2023-03-06 23:54:03.088514
1FTPW14534KB77340,,,,2023-03-06 23:54:03.076824
1FTFX1CF3BFB63043,1,TRANSMISSION MOLDED LEADFRAME EXTENDED COVERAGE,19N01,2023-03-06 23:54:03.122931
1FMJK1H59CEF06417,1,MOLDED LEADFRAME EXTENDED COVERAGE,16N02,2023-03-06 23:54:03.138214
1FMCU0GD3KUA34919,1,ONE TIME REPAIR FOR VEHICLES INCLUDED IN 19B37,21N12,2023-03-06 23:54:03.191230
1FTYR10D22TA74040,1,UNINTENDED TAILGATE OPENING,21M06,2023-03-06 23:54:03.201938
1FTEW1EG9LFA91576,1,UNINTENDED TAILGATE OPENING,21M06,2023-03-06 23:54:03.203237
1ftpw14544kc70965,,,,2023-03-06 23:54:03.792360
1FTYR10D57PA46619,1,TRANSMISSION CONTROL MODULE EXTENDED WARRANTY COVERAGE,14M02,2023-03-06 23:54:04.512400
1FADP3F27EL155082,1,TRANSMISSION CONTROL MODULE EXTENDED WARRANTY COVERAGE,14M02,2023-03-06 23:54:04.513949
1FMZU73K43UA73687,,,,2023-03-06 23:54:04.836236
1FMEU74EX6UA32542,,,,2023-03-06 23:54:04.838291
1FTRW128X9KC82373,,,,2023-03-06 23:54:04.836888
1FMFU17L73LA67844,,,,2023-03-06 23:54:04.852789
1FAHP3FN6AW143378,,,,2023-03-06 23:54:04.847227
1FALP46V5VF155883,,,,2023-03-06 23:54:04.860114
1ZVFT85H555223091,,,,2023-03-06 23:54:04.869
1FMZU73K15UA12090,,,,2023-03-06 23:54:04.902509
3fafp31n65r104037,,,,2023-03-06 23:54:05.119726
1FTEW1CB2MKD61473,1,UNINTENDED TAILGATE OPENING,21M08,2023-03-06 23:54:06.251589
1FTFX1EFXBFC47325,1,UNINTENDED TAILGATE OPENING,21M08,2023-03-06 23:54:06.254548
1FTFX1EF5EKF14088,,,,2023-03-06 23:54:06.462970
1fa6p8sj3l5502623,,,,2023-03-06 23:54:06.478523
1FTDE14F8DHA31219,,,,2023-03-06 23:54:06.486719
1FTEW1E86NFA70924,,,,2023-03-06 23:54:06.482775
1FMDU34X9NUA84961,,,,2023-03-06 23:54:06.504014
1FMCU93168KC32057,,,,2023-03-06 23:54:06.495221
1FMCU0F73HUC43906,,,,2023-03-06 23:54:06.515790
1FTEW1C87AKB98223,,,,2023-03-06 23:54:06.520015
1FTEW1E41KKE13610,,,,2023-03-06 23:54:06.640458
1fmhk7f89bga00510,1,EPAS STEERING EFFORTS,15N01,2023-03-06 23:54:06.875357
1FTLR4FE4BPA40816,,,,2023-03-06 23:54:07.813505
1FM5K8AR4KGA13318,,,,2023-03-06 23:54:07.817935
1FAHP3M28CL282053,,,,2023-03-06 23:54:08.101741
1FA6P8R0XM5550313,,,,2023-03-06 23:54:08.110831
1FMEU176XVLB82897,,,,2023-03-06 23:54:08.123559
1FTRX17L42NA45599,,,,2023-03-06 23:54:08.124336
1FTDX1768VKD55944,,,,2023-03-06 23:54:08.130166
1FTCR10A6MTA10568,,,,2023-03-06 23:54:08.121869
1ftef14y5pla42733,3,POWER DOOR LOCK ACTUATOR FAILURE,20M04,2023-03-06 23:54:08.134743
1FTEW1EG4FFB13343,3,POWER DOOR LOCK ACTUATOR FAILURE,20M04,2023-03-06 23:54:08.137160
1ftef14y5pla42733,3,UNINTENDED TAILGATE OPENING,21M06,2023-03-06 23:54:08.137730
1FTEW1EG4FFB13343,3,UNINTENDED TAILGATE OPENING,21M06,2023-03-06 23:54:08.138793
1ftef14y5pla42733,3,DOOR LATCH FREEZING CONCERNS,18N03,2023-03-06 23:54:08.139263
1FTEW1EG4FFB13343,3,DOOR LATCH FREEZING CONCERNS,18N03,2023-03-06 23:54:08.140200
1FMCU0GX3EUA37270,1,EXTENDED WARRANTY COVERAGE FOR PCM REPROGRAMING IN THE EVENT OF ABS VEHICLE SPEED SIGNAL RELATED COMMUNICATION LOSS THAT DISABLES OBDII SYSTEM MONITORS,14N02,2023-03-06 23:54:08.166519
1FM5K7D85GGC85428,2,REAR TOE LINK REPLACEMENT,21R01,2023-03-06 23:54:08.422175
1FM5K7D85GGC85428,2,HIGH SPEED COOLING FAN MOTOR RELAY,21N01,2023-03-06 23:54:08.428336
1FABP45E0JF249600,,,,2023-03-06 23:54:09.419868
1FTEW1C57JFB78861,2,POWER DOOR LOCK ACTUATOR FAILURE,20M04,2023-03-06 23:54:09.558728
1FTEW1C57JFB78861,2,DOOR LATCH FREEZING CONCERNS,18N03,2023-03-06 23:54:09.559600
2FTRF17254CA56243,,,,2023-03-06 23:54:09.765326
1FTEW1E5XKFA69308,,,,2023-03-06 23:54:09.800823
1FTRW07303KC32502,1,TRANSMISSION CONTROL MODULE EXTENDED WARRANTY COVERAGE,14M02,2023-03-06 23:54:09.792900
1ZVBP8AM5E5230290,,,,2023-03-06 23:54:09.808056
1FTEW1C88FKD44992,,,,2023-03-06 23:54:09.805596
1ZVHT80N295124613,,,,2023-03-06 23:54:09.810754
1FADP3F29DL333380,1,TRANSMISSION CONTROL MODULE EXTENDED WARRANTY COVERAGE,14M02,2023-03-06 23:54:09.822077
1FMCU0GX6DUA85991,1,TRANSMISSION CONTROL MODULE EXTENDED WARRANTY COVERAGE,14M02,2023-03-06 23:54:09.825950
1FA6P8CF3F5434922,,,,2023-03-06 23:54:09.875106
1FTPX14558FA63254,,,,2023-03-06 23:54:10.189986
1FTFW1E54MFC10378,1,UNINTENDED TAILGATE OPENING,21M08,2023-03-06 23:54:11.078206
1FTFW1ET8EKF74780,,,,2023-03-06 23:54:11.111881
1FMCU02Z28KA57356,,,,2023-03-06 23:54:11.419394
2FTZF17251CA52074,,,,2023-03-06 23:54:11.435778
1FMCU9G97HUC81059,1,CALIFORNIA EMISSION WARRANTY PARTS COVERAGE,18M02,2023-03-06 23:54:11.449552
1FM5K7D82FGC53714,2,FRONT DOOR TRIM PANEL REPAIR,17N04,2023-03-06 23:54:11.456615
1FM5K7D82FGC53714,2,REAR TOE LINK REPLACEMENT,21R01,2023-03-06 23:54:11.458166
1ZVFT82H965251644,,,,2023-03-06 23:54:11.466055
1FTRW073X3KC23953,,,,2023-03-06 23:54:11.475706
1FTFW1EF6DKD63084,1,TRANSMISSION MOLDED LEADFRAME EXTENDED COVERAGE,19N01,2023-03-06 23:54:11.483425
1FTEW1EG4HFB12521,2,POWER DOOR LOCK ACTUATOR FAILURE,20M04,2023-03-06 23:54:11.518192
1FTEW1EG4HFB12521,2,UNINTENDED TAILGATE OPENING,21M06,2023-03-06 23:54:11.520292
1FMCU9GX5FUB16820,,,,2023-03-06 23:54:11.530172
1FTFW1Ef0hfb58259,4,POWER DOOR LOCK ACTUATOR FAILURE,20M04,2023-03-06 23:54:11.703426
1FTFW1Ef0hfb58259,4,UNINTENDED TAILGATE OPENING,21M06,2023-03-06 23:54:11.705685
1FTFW1Ef0hfb58259,4,ENGINE BLOCK HEATER CORD REPLACEMENT,19G01,2023-03-06 23:54:11.708018
1FTFW1Ef0hfb58259,4,DOOR LATCH FREEZING CONCERNS,18N03,2023-03-06 23:54:11.709999
1FA6P8TH5K5143799,,,,2023-03-06 23:54:12.646752
1FTEF14Y8LLA69712,,,,2023-03-06 23:54:12.718642
1FMCU0DG9CKA93534,1,ELECTRONIC THROTTLE BODY EXTENDED COVERAGE,13N03,2023-03-06 23:54:13.096014
1fahp32n38w158484,,,,2023-03-06 23:54:13.109692
1FTMF1CM8DKG36146,1,TRANSMISSION MOLDED LEADFRAME EXTENDED COVERAGE,19N01,2023-03-06 23:54:13.098544
1fmfu16558la03697,1,EPAS STEERING EFFORTS,15N01,2023-03-06 23:54:13.118234
1fadp3e24hl344357,,,,2023-03-06 23:54:13.144756
1FMHK7F90CGA84047,,,,2023-03-06 23:54:13.132503
1FAFP406X4F214617,,,,2023-03-06 23:54:13.155234
1FMZU63E02UC70827,,,,2023-03-06 23:54:13.143167
1FMCU03G79KC46146,1,ELECTRONIC THROTTLE BODY EXTENDED COVERAGE,13N03,2023-03-06 23:54:13.166165
1FADP3F29DL293852,1,TRANSMISSION CONTROL MODULE EXTENDED WARRANTY COVERAGE,14M02,2023-03-06 23:54:13.419938
1ZVBP8AM1E5278546,,,,2023-03-06 23:54:14.177926
1FTFW1C66DFA34638,1,TRANSMISSION MOLDED LEADFRAME EXTENDED COVERAGE,19N01,2023-03-06 23:54:14.237005
1FMJU1HT9MEA70257,2,POWER DOOR LOCK ACTUATOR FAILURE,20M04,2023-03-06 23:54:14.653779
1FTEW1C45KKD05901,2,POWER DOOR LOCK ACTUATOR FAILURE,20M04,2023-03-06 23:54:14.656027
1FMJU1HT9MEA70257,2,DOOR LATCH FREEZING CONCERNS,19N06,2023-03-06 23:54:14.660241
1FTPW145X4KD46186,,,,2023-03-06 23:54:14.670154
1FTEW1C45KKD05901,2,DOOR LATCH FREEZING CONCERNS,19N06,2023-03-06 23:54:14.658737
1FTCR14T3GPB64762,,,,2023-03-06 23:54:14.677533
1FTFX1E56JKD47371,,,,2023-03-06 23:54:14.723693
1FTEX1EM7DKF43729,1,TRANSMISSION MOLDED LEADFRAME EXTENDED COVERAGE,19N01,2023-03-06 23:54:14.732180
1FTPW12565KE28601,1,TRANSMISSION MOLDED LEADFRAME EXTENDED COVERAGE,19N01,2023-03-06 23:54:14.736630
1FTFW1EF7BFB89967,1,TRANSMISSION MOLDED LEADFRAME EXTENDED COVERAGE,19N01,2023-03-06 23:54:14.739528
1FM5K8GT4JGB41267,1,HIGH SPEED COOLING FAN MOTOR RELAY,21N01,2023-03-06 23:54:14.750829
1FAFP4046YF210777,,,,2023-03-06 23:54:15.364683
1FTEF15H2LLA52273,,,,2023-03-06 23:54:17.214399
1FTFW1ET1CKD13178,,,,2023-03-06 23:54:17.234259
1FTRW07373KC22971,,,,2023-03-06 23:54:17.238019
1FTRF17L9YNB82291,,,,2023-03-06 23:54:17.245688
1FA6P8TH2F5396391,,,,2023-03-06 23:54:17.257833
1FMCU59379KA99389,,,,2023-03-06 23:54:17.261775
1FADP3F2XDL156662,,,,2023-03-06 23:54:17.265351
1FTDX18W5VNC98101,,,,2023-03-06 23:54:17.268216
1FTPW12V17KD36489,,,,2023-03-06 23:54:17.267467
1FAHP3F25CL168752,1,TRANSMISSION CONTROL MODULE EXTENDED WARRANTY COVERAGE,14M02,2023-03-06 23:54:17.286590
1ZVFT85H555167640,,,,2023-03-06 23:54:17.333923
1FTEW1EF3HFB71342,1,POWER DOOR LOCK ACTUATOR FAILURE,20M04,2023-03-06 23:54:17.342094
1FTEF15N5RLA20206,1,TRANSMISSION MOLDED LEADFRAME EXTENDED COVERAGE,19N01,2023-03-06 23:54:18.864977
1FMRU1560YLB00992,,,,2023-03-06 23:54:18.862211
1FM5K8HT8HGB11827,1,TRANSMISSION MOLDED LEADFRAME EXTENDED COVERAGE,19N01,2023-03-06 23:54:18.872609
1FTZX1769WNB03867,1,TRANSMISSION MOLDED LEADFRAME EXTENDED COVERAGE,19N01,2023-03-06 23:54:18.866101
1FTPW14535KC61594,,,,2023-03-06 23:54:18.889416
1FTEW1CM7DFC28976,,,,2023-03-06 23:54:18.899106
1FADP3F25DL242459,,,,2023-03-06 23:54:18.897572
1FTYR10VXYTB24894,1,TRANSMISSION CONTROL MODULE EXTENDED WARRANTY COVERAGE,14M02,2023-03-06 23:54:18.909113
1FAHP3H29CL184935,1,TRANSMISSION CONTROL MODULE EXTENDED WARRANTY COVERAGE,14M02,2023-03-06 23:54:18.914044
1ZVBP8CU0C5253745,,,,2023-03-06 23:54:18.924733
1ZVHT82HX85160068,,,,2023-03-06 23:54:18.935117
1fafp40684f203096,,,,2023-03-06 23:54:19.044556
1FMCU03148KA39269,,,,2023-03-06 23:54:20.334711
1FA6P8TH9K5105055,,,,2023-03-06 23:54:20.346920
1FTCR10AXLUB97774,,,,2023-03-06 23:54:20.364863
1FTZX1720XNA76525,,,,2023-03-06 23:54:20.381986
1FACP40M8NF146269,,,,2023-03-06 23:54:20.384354
1FTCR14A7PPB36980,,,,2023-03-06 23:54:20.390406
1FTFW1EF7HKE53107,,,,2023-03-06 23:54:20.416749
1FMCU03145KA63146,2,DOOR LATCH FREEZING CONCERNS,18N03,2023-03-06 23:54:20.411181
1FMCU03145KA63146,2,POWER DOOR LOCK ACTUATOR FAILURE,20M04,2023-03-06 23:54:20.419747
1FMYU93155KB11554,,,,2023-03-06 23:54:20.422228
1fmsk7dh3lga14767,,,,2023-03-06 23:54:20.449886
1FTFW1EV1AFB36347,,,,2023-03-06 23:54:20.454637
1FTPX12516NA79456,,,,2023-03-06 23:54:20.522920
1FTFX1ET4CFB50113,2,TRANSMISSION MOLDED LEADFRAME EXTENDED COVERAGE,19N01,2023-03-06 23:54:21.775786
1FTFX1ET4CFB50113,2,ELECTRIC VACUUM PUMP EXTENDED REPAIR,15N05,2023-03-06 23:54:21.776779
1FMRU18W8WLA60900,,,,2023-03-06 23:54:21.781961
1FADP3F2xfl325775,1,TRANSMISSION CLUTCH SHUDDER -TRANSMISSION CLUTCH WARRANTY EXTENSION,19N08,2023-03-06 23:54:21.807365
1FA6P8CF5J5118348,,,,2023-03-06 23:54:21.820597
1FTYR14U28PA53362,,,,2023-03-06 23:54:21.828107
1FMCU0H62LUB01527,,,,2023-03-06 23:54:21.833214
1FADP3N24EL359467,1,TRANSMISSION CONTROL MODULE EXTENDED WARRANTY COVERAGE,14M02,2023-03-06 23:54:21.841669
1FTFX1EF2CFD09351,1,TRANSMISSION MOLDED LEADFRAME EXTENDED COVERAGE,19N01,2023-03-06 23:54:21.899991
1FTFW1EF7BFB03735,1,TRANSMISSION MOLDED LEADFRAME EXTENDED COVERAGE,19N01,2023-03-06 23:54:21.910331
1ZVBP8FF0D5205578,,,,2023-03-06 23:54:21.919634
1FMCU0F78DUB69117,2,EXTENDED WARRANTY COVERAGE FOR PCM REPROGRAMING IN THE EVENT OF ABS VEHICLE SPEED SIGNAL RELATED COMMUNICATION LOSS THAT DISABLES OBDII SYSTEM MONITORS,14N02,2023-03-06 23:54:21.926719
1FMCU0F78DUB69117,2,ELECTRONIC THROTTLE BODY EXTENDED COVERAGE,13N03,2023-03-06 23:54:21.928816
1FTDF15Y2SNB72203,,,,2023-03-06 23:54:22.015102
1FMCU9GX3EUB45652,,,,2023-03-06 23:54:23.222832
1ftew1efxhkd78754,,,,2023-03-06 23:54:23.224416
1FTFW1CF8CFC39439,,,,2023-03-06 23:54:23.237671
1ZVBP8CF8D5235903,,,,2023-03-06 23:54:23.247525
1FACP42E5PF181957,,,,2023-03-06 23:54:23.254171
1ftdf15n1pnb26598,,,,2023-03-06 23:54:23.239484
1FAHP3H21CL324802,1,TRANSMISSION CONTROL MODULE EXTENDED WARRANTY COVERAGE,14M02,2023-03-06 23:54:23.266714
1ZVHT82H785110986,,,,2023-03-06 23:54:23.278295
1FMZU63K14UA48435,1,EXTENDED WARRANTY COVERAGE FOR PCM REPROGRAMING IN THE EVENT OF ABS VEHICLE SPEED SIGNAL RELATED COMMUNICATION LOSS THAT DISABLES OBDII SYSTEM MONITORS,14N02,2023-03-06 23:54:23.297590
1FMCU9H97DUD78691,1,EXTENDED WARRANTY COVERAGE FOR PCM REPROGRAMING IN THE EVENT OF ABS VEHICLE SPEED SIGNAL RELATED COMMUNICATION LOSS THAT DISABLES OBDII SYSTEM MONITORS,14N02,2023-03-06 23:54:23.302057
1FADP3F27EL304767,2,TRANSMISSION CONTROL MODULE EXTENDED WARRANTY COVERAGE,14M02,2023-03-06 23:54:23.313758
1FADP3F27EL304767,2,TRANSMISSION CLUTCH SHUDDER -TRANSMISSION CLUTCH WARRANTY EXTENSION,19N08,2023-03-06 23:54:23.315783
1FMCU9H97LUB61821,1,VEHICLE EMISSIONS CONTROL INFORMATION LABEL UPDATE,22L05,2023-03-06 23:54:23.389758
1FAHP3FN4BW172380,,,,2023-03-06 23:54:24.680155
1ZVHT82H775363627,1,EXTENDED WARRANTY COVERAGE FOR PCM REPROGRAMING IN THE EVENT OF ABS VEHICLE SPEED SIGNAL RELATED COMMUNICATION LOSS THAT DISABLES OBDII SYSTEM MONITORS,14N02,2023-03-06 23:54:24.700447
1fmcu0g96duc44896,1,EXTENDED WARRANTY COVERAGE FOR PCM REPROGRAMING IN THE EVENT OF ABS VEHICLE SPEED SIGNAL RELATED COMMUNICATION LOSS THAT DISABLES OBDII SYSTEM MONITORS,14N02,2023-03-06 23:54:24.705370
1FMCU0G92HUE30540,,,,2023-03-06 23:54:24.715251
1FAFP404XYF242096,1,DOOR LATCH,19N09,2023-03-06 23:54:24.724817
1FM5K7D8XDGB27016,1,DOOR LATCH,19N09,2023-03-06 23:54:24.731383
1FMCU59H48KE46400,,,,2023-03-06 23:54:24.737522
1FTPW14V69KC52216,,,,2023-03-06 23:54:24.746542
1FMYU03171KF17874,,,,2023-03-06 23:54:24.761799
1ftpw12v88fb56064,,,,2023-03-06 23:54:24.759839
2FTRF18W04CA46480,,,,2023-03-06 23:54:24.813564
1ftrx17232nc07357,,,,2023-03-06 23:54:24.868012
1FM5K8F82FGB17229,1,REAR WHEEL KNUCKLE REPLACEMENT,22N01,2023-03-06 23:54:26.071985
1zVBP8AN9A5143771,,,,2023-03-06 23:54:26.086717
1fafp42x4yf214107,,,,2023-03-06 23:54:26.096247
1FTYR14U52TA20953,,,,2023-03-06 23:54:26.109462
1FM5K7F88DGA17420,,,,2023-03-06 23:54:26.137459
1FMCU0G99DUD16142,1,EXTENDED WARRANTY COVERAGE FOR PCM REPROGRAMING IN THE EVENT OF ABS VEHICLE SPEED SIGNAL RELATED COMMUNICATION LOSS THAT DISABLES OBDII SYSTEM MONITORS,14N02,2023-03-06 23:54:26.150235
1FMCU0GX2DUD26624,1,EXTENDED WARRANTY COVERAGE FOR PCM REPROGRAMING IN THE EVENT OF ABS VEHICLE SPEED SIGNAL RELATED COMMUNICATION LOSS THAT DISABLES OBDII SYSTEM MONITORS,14N02,2023-03-06 23:54:26.159554
1FTRW02W17KD03665,,,,2023-03-06 23:54:26.180329
1FTPW14VX7FA44488,,,,2023-03-06 23:54:26.172698
1FTFX1EF8DFA71099,1,TRANSMISSION MOLDED LEADFRAME EXTENDED COVERAGE,19N01,2023-03-06 23:54:26.192855
1ftyr14c7wta26847,,,,2023-03-06 23:54:26.414710
1FMCU9G90HUA24177,,,,2023-03-06 23:54:27.032352
1FTYR10CXYTB30631,,,,2023-03-06 23:54:27.524520
1FTRF14544NC15584,,,,2023-03-06 23:54:27.534747
3fafp31392r191877,,,,2023-03-06 23:54:27.544254
1FTKR1ED4BPA68022,,,,2023-03-06 23:54:27.553455
1zvht85h355236026,2,REAR TOE LINK REPLACEMENT,21R01,2023-03-06 23:54:27.564782
1FM5K7D88GGC85715,,,,2023-03-06 23:54:27.571698
1zvht85h355236026,2,HIGH SPEED COOLING FAN MOTOR RELAY,21N01,2023-03-06 23:54:27.576409
1FMZU67K95UB77759,,,,2023-03-06 23:54:27.577944
1FADP3L91HL235192,,,,2023-03-06 23:54:27.584515
1Ftvx12v09ka81647,,,,2023-03-06 23:54:27.589542
1ZVFT80N865161183,,,,2023-03-06 23:54:27.590413
1FM5K7D87FGB40292,1,REAR TOE LINK REPLACEMENT,21R01,2023-03-06 23:54:27.888638
1FTCR14A3SPA46654,,,,2023-03-06 23:54:28.698414
1FMJU2AT0FEF28044,,,,2023-03-06 23:54:28.977289
1ftew1eg0gkg02511,2,DOOR LATCH FREEZING CONCERNS,18N03,2023-03-06 23:54:29.013884
1FTPW14564FA42295,,,,2023-03-06 23:54:28.995041
1FTRF08L7XKA01973,,,,2023-03-06 23:54:29.024953
1ftrf12w47kc26344,,,,2023-03-06 23:54:29.019344
1ftew1eg0gkg02511,2,POWER DOOR LOCK ACTUATOR FAILURE,20M04,2023-03-06 23:54:29.027082
1FTYR14U11PA95270,,,,2023-03-06 23:54:29.022008
1FMCU9G61LUA44582,1,HIGH SPEED COOLING FAN MOTOR RELAY,21N01,2023-03-06 23:54:29.032101
1FM5K8D84HGD97077,1,HIGH SPEED COOLING FAN MOTOR RELAY,21N01,2023-03-06 23:54:29.041817
